#
# A fatal error has been detected by the Java Runtime Environment:
#
#  EXCEPTION_ACCESS_VIOLATION (0xc0000005) at pc=0x00007ffba3ce92b2, pid=2356, tid=12520
#
# JRE version: OpenJDK Runtime Environment Microsoft-14653939 (17.0.20+8) (build 17.0.20+8-LTS)
# Java VM: OpenJDK 64-Bit Server VM Microsoft-14653939 (17.0.20+8-LTS, mixed mode, sharing, tiered, compressed oops, compressed class ptrs, g1 gc, windows-amd64)
# Problematic frame:
# V  [jvm.dll+0x6b92b2]
#
# No core dump will be written. Minidumps are not enabled by default on client versions of Windows
#
# If you would like to submit a bug report, please visit:
#   https://github.com/microsoft/openjdk/issues
#

---------------  S U M M A R Y ------------

Command Line: --add-opens=java.base/java.lang=ALL-UNNAMED --add-opens=java.base/java.lang.invoke=ALL-UNNAMED --add-opens=java.base/java.util=ALL-UNNAMED --add-opens=java.prefs/java.util.prefs=ALL-UNNAMED --add-exports=jdk.compiler/com.sun.tools.javac.api=ALL-UNNAMED --add-exports=jdk.compiler/com.sun.tools.javac.util=ALL-UNNAMED --add-opens=java.base/java.util=ALL-UNNAMED --add-opens=java.prefs/java.util.prefs=ALL-UNNAMED --add-opens=java.base/java.nio.charset=ALL-UNNAMED --add-opens=java.base/java.net=ALL-UNNAMED --add-opens=java.base/java.util.concurrent.atomic=ALL-UNNAMED --add-opens=java.xml/javax.xml.namespace=ALL-UNNAMED -XX:MaxMetaspaceSize=384m -XX:+HeapDumpOnOutOfMemoryError -Xms256m -Xmx512m -Dfile.encoding=UTF-8 -Duser.country=US -Duser.language=en -Duser.variant -javaagent:C:\Users\lougn\.gradle\wrapper\dists\gradle-8.14-bin\38aieal9i53h9rfe7vjup95b9\gradle-8.14\lib\agents\gradle-instrumentation-agent-8.14.jar org.gradle.launcher.daemon.bootstrap.GradleDaemon 8.14

Host: 11th Gen Intel(R) Core(TM) i5-1135G7 @ 2.40GHz, 8 cores, 23G,  Windows 11 , 64 bit Build 26100 (10.0.26100.9444)
Time: Mon Oct  5 22:14:47 2026 Morocco Standard Time elapsed time: 6.678420 seconds (0d 0h 0m 6s)

---------------  T H R E A D  ---------------

Current thread (0x000001f43a413340):  JavaThread "C2 CompilerThread0" daemon [_thread_in_native, id=12520, stack(0x0000005498f00000,0x0000005499000000)]


Current CompileTask:
C2:6678 6354   !   4       com.google.common.reflect.TypeVisitor::visit (225 bytes)

Stack: [0x0000005498f00000,0x0000005499000000],  sp=0x0000005498ffb730,  free space=1005k
Native frames: (J=compiled Java code, j=interpreted, Vv=VM code, C=native code)
V  [jvm.dll+0x6b92b2]  (no source info available)
V  [jvm.dll+0x1c0b06]  (no source info available)
V  [jvm.dll+0x21e190]  (no source info available)
V  [jvm.dll+0x21d482]  (no source info available)
V  [jvm.dll+0x1a8db6]  (no source info available)
V  [jvm.dll+0x22dcdb]  (no source info available)
V  [jvm.dll+0x22be66]  (no source info available)
V  [jvm.dll+0x7fc40b]  (no source info available)
V  [jvm.dll+0x7f67dc]  (no source info available)
V  [jvm.dll+0x68e6f7]  (no source info available)
C  [ucrtbase.dll+0x2cd30]  (no source info available)
C  [KERNEL32.DLL+0x2cd87]  (no source info available)
C  [ntdll.dll+0xacaec]  (no source info available)


siginfo: EXCEPTION_ACCESS_VIOLATION (0xc0000005), reading address 0xffffffffffffffff


Registers:
RAX=0x0000005498ffbcf0, RBX=0x0000000000000001, RCX=0x002001f459eb41d0, RDX=0x0000000000000040
RSP=0x0000005498ffb730, RBP=0x000001f456531fa0, RSI=0x000001f45a19d4b8, RDI=0x0000000000000000
R8 =0x0000000000000040, R9 =0x0000000000000000, R10=0x0000000000000004, R11=0x000001f45a19d498
R12=0x0000005498ffbd00, R13=0x0000005498ffbd90, R14=0x0000000000000001, R15=0x000001f45a13b580
RIP=0x00007ffba3ce92b2, EFLAGS=0x0000000000010202

XMM[0]=0x0000000000000000 0x0000000000000000
XMM[1]=0x0000000000000000 0x0000000000000000
XMM[2]=0x0000000000000000 0x0000000000000000
XMM[3]=0x0000000000000000 0x0000000000000000
XMM[4]=0x0000000000000000 0x0000000000000000
XMM[5]=0x0000000000000000 0x0000000000000000
XMM[6]=0x0000000000000000 0x0000000000000000
XMM[7]=0x0000000000000000 0x0000000000000000
XMM[8]=0x0000000000000000 0x0000000000000000
XMM[9]=0x0000000000000000 0x0000000000000000
XMM[10]=0x0000000000000000 0x0000000000000000
XMM[11]=0x0000000000000000 0x0000000000000000
XMM[12]=0x0000000000000000 0x0000000000000000
XMM[13]=0x0000000000000000 0x0000000000000000
XMM[14]=0x0000000000000000 0x0000000000000000
XMM[15]=0x0000000000000000 0x0000000000000000
  MXCSR=0x00001fa0


Register to memory mapping:

RIP=0x00007ffba3ce92b2 jvm.dll
RAX=0x0000005498ffbcf0 is pointing into the stack for thread: 0x000001f43a413340
RBX=0x0000000000000001 is an unknown value
RCX=0x002001f459eb41d0 is an unknown value
RDX=0x0000000000000040 is an unknown value
RSP=0x0000005498ffb730 is pointing into the stack for thread: 0x000001f43a413340
RBP=0x000001f456531fa0 points into unknown readable memory: 0x0000000000000000 | 00 00 00 00 00 00 00 00
RSI=0x000001f45a19d4b8 points into unknown readable memory: 0x000001f457f24ef8 | f8 4e f2 57 f4 01 00 00
RDI=0x0 is NULL
R8 =0x0000000000000040 is an unknown value
R9 =0x0 is NULL
R10=0x0000000000000004 is an unknown value
R11=0x000001f45a19d498 points into unknown readable memory: 0x00007ffba3f5e5d0 | d0 e5 f5 a3 fb 7f 00 00
R12=0x0000005498ffbd00 is pointing into the stack for thread: 0x000001f43a413340
R13=0x0000005498ffbd90 is pointing into the stack for thread: 0x000001f43a413340
R14=0x0000000000000001 is an unknown value
R15=0x000001f45a13b580 points into unknown readable memory: 0x000001f43a403300 | 00 33 40 3a f4 01 00 00


Top of Stack: (sp=0x0000005498ffb730)
0x0000005498ffb730:   0000005400000000 000001f459eb4458
0x0000005498ffb740:   000001f400000004 000001f45a19d5f8
0x0000005498ffb750:   000001f45a13ca00 000001f45a13b580
0x0000005498ffb760:   0000000000000201 00000000ffffffff
0x0000005498ffb770:   000001f45a19d498 000001f45a13b580
0x0000005498ffb780:   0000000000000000 000001f456535740
0x0000005498ffb790:   0000000000000003 000001f456531fa0
0x0000005498ffb7a0:   000001f43a4105f0 0000002000000006
0x0000005498ffb7b0:   000001f45764c420 0000000000000000
0x0000005498ffb7c0:   000001f4585496f8 000001f45764c420
0x0000005498ffb7d0:   000001f43a403300 000001f456531d70
0x0000005498ffb7e0:   000001f456531fa0 000001f456539d58
0x0000005498ffb7f0:   00000000002b5c80 0000000000000000
0x0000005498ffb800:   0000000000000000 0000000000000000
0x0000005498ffb810:   000001f458b76b20 000000000000752f
0x0000005498ffb820:   0000000000000000 00007ffba37f11e1
0x0000005498ffb830:   0000005498ffbd90 0000005498ffbd90
0x0000005498ffb840:   0000000000000027 00007ffba37558e5
0x0000005498ffb850:   0000000000000000 000000020000264e
0x0000005498ffb860:   0000002700000000 0000000000000000
0x0000005498ffb870:   000001f457259ef0 000001f43afe4400
0x0000005498ffb880:   0000000000000000 00007ffba3ff3c18
0x0000005498ffb890:   0000000000000000 0000000000000000
0x0000005498ffb8a0:   0000000000000000 00007ffba3ff3c18
0x0000005498ffb8b0:   0000000000000000 0000005498ffe6c0
0x0000005498ffb8c0:   0000000000000000 000001f458387830
0x0000005498ffb8d0:   0000005498ffbe70 0000000000000001
0x0000005498ffb8e0:   000001f458387840 0000000000000000
0x0000005498ffb8f0:   000001f458387c18 0000005498ffba10
0x0000005498ffb900:   0000005498ffbd90 00007ffba37f0b06
0x0000005498ffb910:   0000005498ffbd90 0000005400000000
0x0000005498ffb920:   0000000000000001 000001f4000001b9 

Instructions: (pc=0x00007ffba3ce92b2)
0x00007ffba3ce91b2:   00 00 0f 11 40 20 0f 11 40 30 0f 11 40 40 0f 11
0x00007ffba3ce91c2:   40 50 0f 11 40 60 0f 11 40 70 49 8b 45 48 39 50
0x00007ffba3ce91d2:   40 0f 86 39 11 00 00 4c 89 a4 24 b0 01 00 00 4c
0x00007ffba3ce91e2:   89 bc 24 98 01 00 00 0f 1f 80 00 00 00 00 48 8b
0x00007ffba3ce91f2:   40 30 bd 01 00 00 00 89 ac 24 f0 01 00 00 4c 8b
0x00007ffba3ce9202:   1c d0 4c 89 5c 24 40 41 8b 53 28 3b d5 76 3b 45
0x00007ffba3ce9212:   8b 43 18 b9 08 00 00 00 66 0f 1f 44 00 00 41 3b
0x00007ffba3ce9222:   e8 73 0a 49 8b 43 20 48 8b 04 01 eb 02 33 c0 8b
0x00007ffba3ce9232:   40 2c 83 e0 0f 3c 0c 75 0a ff c5 48 83 c1 08 3b
0x00007ffba3ce9242:   ea 72 db 89 ac 24 f0 01 00 00 48 8b 6c 24 68 45
0x00007ffba3ce9252:   32 e4 33 ff 44 88 a4 24 e8 01 00 00 48 89 7c 24
0x00007ffba3ce9262:   50 41 be 01 00 00 00 0f 1f 80 00 00 00 00 41 8b
0x00007ffba3ce9272:   53 18 49 8d 73 20 85 d2 74 08 48 8b 06 48 8b 08
0x00007ffba3ce9282:   eb 02 33 c9 44 3b 71 18 0f 83 61 01 00 00 85 d2
0x00007ffba3ce9292:   74 08 48 8b 06 48 8b 00 eb 02 33 c0 48 8b 40 08
0x00007ffba3ce92a2:   bb 01 00 00 00 41 8b ce 48 8b 0c c8 49 8b 45 48
0x00007ffba3ce92b2:   8b 51 28 48 8b 48 78 4c 8b 3c d1 4c 89 7c 24 60
0x00007ffba3ce92c2:   49 8d 6f 4c 39 9c 24 f0 01 00 00 0f 86 7c 00 00
0x00007ffba3ce92d2:   00 4c 8b 7c 24 40 bf 08 00 00 00 4c 8b 64 24 68
0x00007ffba3ce92e2:   41 3b 5f 18 73 09 48 8b 06 48 8b 14 07 eb 02 33
0x00007ffba3ce92f2:   d2 8b 45 00 4d 8b cf c6 44 24 30 00 45 8b c6 48
0x00007ffba3ce9302:   8d 0c c5 00 00 00 00 48 8b 44 24 58 48 8b 04 01
0x00007ffba3ce9312:   48 89 44 24 28 4a 8b 04 21 49 8b cd 48 89 44 24
0x00007ffba3ce9322:   20 e8 c8 f0 ff ff ff c3 48 83 c7 08 3b 9c 24 f0
0x00007ffba3ce9332:   01 00 00 72 ab 4c 8b 7c 24 60 44 0f b6 a4 24 e8
0x00007ffba3ce9342:   01 00 00 48 8b 7c 24 50 4c 8b 5c 24 40 8b 45 00
0x00007ffba3ce9352:   48 8b 6c 24 68 4c 8d 14 c5 00 00 00 00 4c 03 d5
0x00007ffba3ce9362:   49 83 3a 00 74 71 45 8b 47 48 33 c9 45 85 c0 74
0x00007ffba3ce9372:   28 4d 8b 4f 40 66 0f 1f 84 00 00 00 00 00 49 8b
0x00007ffba3ce9382:   14 c9 8b 42 4c 48 83 7c c5 00 00 75 05 49 3b d3
0x00007ffba3ce9392:   75 50 ff c1 41 3b c8 72 e5 41 3b c8 72 44 49 8b
0x00007ffba3ce93a2:   d2 4c 89 7c 24 50 48 8d 4c 24 78 49 8b ff e8 bb 


Stack slot to memory mapping:
stack at sp + 0 slots: 0x0000005400000000 is an unknown value
stack at sp + 1 slots: 0x000001f459eb4458 points into unknown readable memory: 0x00007ffba3f29170 | 70 91 f2 a3 fb 7f 00 00
stack at sp + 2 slots: 0x000001f400000004 is an unknown value
stack at sp + 3 slots: 0x000001f45a19d5f8 points into unknown readable memory: 0x00007ffba3f5e5d0 | d0 e5 f5 a3 fb 7f 00 00
stack at sp + 4 slots: 0x000001f45a13ca00 points into unknown readable memory: 0x000001f43a403300 | 00 33 40 3a f4 01 00 00
stack at sp + 5 slots: 0x000001f45a13b580 points into unknown readable memory: 0x000001f43a403300 | 00 33 40 3a f4 01 00 00
stack at sp + 6 slots: 0x0000000000000201 is an unknown value
stack at sp + 7 slots: 0x00000000ffffffff is an unallocated location in the heap


---------------  P R O C E S S  ---------------

Threads class SMR info:
_java_thread_list=0x000001f459691060, length=92, elements={
0x000001f41f7ead80, 0x000001f43a3fc0b0, 0x000001f43a3fcb80, 0x000001f43a40bca0,
0x000001f43a40e580, 0x000001f43a40ee50, 0x000001f43a410730, 0x000001f43a413340,
0x000001f43a415c60, 0x000001f43a416570, 0x000001f43a522440, 0x000001f43a5bb110,
0x000001f455954030, 0x000001f43a704080, 0x000001f454983070, 0x000001f4550c57f0,
0x000001f4559d1440, 0x000001f455a98040, 0x000001f455a9add0, 0x000001f455a98f70,
0x000001f455a98550, 0x000001f455a9a8c0, 0x000001f455a9b2e0, 0x000001f455a9a3b0,
0x000001f455a9b7f0, 0x000001f455a99480, 0x000001f455a99990, 0x000001f455a99ea0,
0x000001f4590b13b0, 0x000001f4590aff70, 0x000001f4590b1dd0, 0x000001f4590b3c30,
0x000001f4590b0480, 0x000001f4590b27f0, 0x000001f4590b4140, 0x000001f4590b3720,
0x000001f4590b18c0, 0x000001f4590b0990, 0x000001f4590b4650, 0x000001f4590b0ea0,
0x000001f4590b69c0, 0x000001f4590b64b0, 0x000001f4590b5fa0, 0x000001f4590b5580,
0x000001f4590b4b60, 0x000001f4590b5070, 0x000001f4590b6ed0, 0x000001f4590b73e0,
0x000001f4590b78f0, 0x000001f4590b5a90, 0x000001f459c4b4b0, 0x000001f459c4bed0,
0x000001f459c4a070, 0x000001f459c4b9c0, 0x000001f459c4ce00, 0x000001f459c4d310,
0x000001f459c4d820, 0x000001f459c4dd30, 0x000001f459c4c3e0, 0x000001f459c4a580,
0x000001f459c4c8f0, 0x000001f459c4e240, 0x000001f459c4aa90, 0x000001f459c4e750,
0x000001f459c4afa0, 0x000001f459c4f170, 0x000001f459c50ac0, 0x000001f459c505b0,
0x000001f459c500a0, 0x000001f459c4ec60, 0x000001f459c4f680, 0x000001f459c519f0,
0x000001f459c4fb90, 0x000001f459c514e0, 0x000001f459c50fd0, 0x000001f4566e8d80,
0x000001f4566e9290, 0x000001f4566ea6d0, 0x000001f4566e97a0, 0x000001f4566eb0f0,
0x000001f4566e9cb0, 0x000001f4566e8870, 0x000001f4566eabe0, 0x000001f4566eb600,
0x000001f4566e7e50, 0x000001f4566eca40, 0x000001f4566ed460, 0x000001f4566ebb10,
0x000001f4566ec530, 0x000001f4566ecf50, 0x000001f454f555d0, 0x000001f4566ea1c0
}

Java Threads: ( => current thread )
  0x000001f41f7ead80 JavaThread "main" [_thread_blocked, id=12548, stack(0x0000005498200000,0x0000005498300000)]
  0x000001f43a3fc0b0 JavaThread "Reference Handler" daemon [_thread_blocked, id=9736, stack(0x0000005498900000,0x0000005498a00000)]
  0x000001f43a3fcb80 JavaThread "Finalizer" daemon [_thread_blocked, id=15520, stack(0x0000005498a00000,0x0000005498b00000)]
  0x000001f43a40bca0 JavaThread "Signal Dispatcher" daemon [_thread_blocked, id=8900, stack(0x0000005498b00000,0x0000005498c00000)]
  0x000001f43a40e580 JavaThread "Attach Listener" daemon [_thread_blocked, id=21948, stack(0x0000005498c00000,0x0000005498d00000)]
  0x000001f43a40ee50 JavaThread "Service Thread" daemon [_thread_blocked, id=16584, stack(0x0000005498d00000,0x0000005498e00000)]
  0x000001f43a410730 JavaThread "Monitor Deflation Thread" daemon [_thread_blocked, id=20296, stack(0x0000005498e00000,0x0000005498f00000)]
=>0x000001f43a413340 JavaThread "C2 CompilerThread0" daemon [_thread_in_native, id=12520, stack(0x0000005498f00000,0x0000005499000000)]
  0x000001f43a415c60 JavaThread "C1 CompilerThread0" daemon [_thread_blocked, id=7476, stack(0x0000005499000000,0x0000005499100000)]
  0x000001f43a416570 JavaThread "Sweeper thread" daemon [_thread_blocked, id=13220, stack(0x0000005499100000,0x0000005499200000)]
  0x000001f43a522440 JavaThread "Common-Cleaner" daemon [_thread_blocked, id=14452, stack(0x0000005499200000,0x0000005499300000)]
  0x000001f43a5bb110 JavaThread "Notification Thread" daemon [_thread_blocked, id=7896, stack(0x0000005499300000,0x0000005499400000)]
  0x000001f455954030 JavaThread "Daemon health stats" [_thread_blocked, id=1436, stack(0x0000005499c00000,0x0000005499d00000)]
  0x000001f43a704080 JavaThread "Incoming local TCP Connector on port 53243" [_thread_in_native, id=12988, stack(0x0000005499d00000,0x0000005499e00000)]
  0x000001f454983070 JavaThread "Daemon periodic checks" [_thread_blocked, id=8548, stack(0x0000005499e00000,0x0000005499f00000)]
  0x000001f4550c57f0 JavaThread "Daemon" [_thread_blocked, id=9552, stack(0x0000005499f00000,0x000000549a000000)]
  0x000001f4559d1440 JavaThread "Handler for socket connection from /127.0.0.1:53243 to /127.0.0.1:53244" [_thread_in_native, id=16108, stack(0x000000549a000000,0x000000549a100000)]
  0x000001f455a98040 JavaThread "Cancel handler" [_thread_blocked, id=18948, stack(0x000000549a100000,0x000000549a200000)]
  0x000001f455a9add0 JavaThread "Daemon worker" [_thread_in_native, id=5328, stack(0x000000549a200000,0x000000549a300000)]
  0x000001f455a98f70 JavaThread "Asynchronous log dispatcher for DefaultDaemonConnection: socket connection from /127.0.0.1:53243 to /127.0.0.1:53244" [_thread_blocked, id=13136, stack(0x000000549a300000,0x000000549a400000)]
  0x000001f455a98550 JavaThread "Stdin handler" [_thread_blocked, id=4928, stack(0x000000549a400000,0x000000549a500000)]
  0x000001f455a9a8c0 JavaThread "Daemon client event forwarder" [_thread_blocked, id=18184, stack(0x000000549a500000,0x000000549a600000)]
  0x000001f455a9b2e0 JavaThread "Cache worker for journal cache (C:\Users\lougn\.gradle\caches\journal-1)" [_thread_blocked, id=20880, stack(0x0000005499600000,0x0000005499700000)]
  0x000001f455a9a3b0 JavaThread "File lock request listener" [_thread_in_native, id=13216, stack(0x000000549a600000,0x000000549a700000)]
  0x000001f455a9b7f0 JavaThread "Cache worker for file hash cache (C:\Users\lougn\.gradle\caches\8.14\fileHashes)" [_thread_blocked, id=12756, stack(0x000000549a700000,0x000000549a800000)]
  0x000001f455a99480 JavaThread "Cache worker for file hash cache (C:\Younes Lougnidi\UM6P-CS\Java\LABS\Lab4\Lab4-problems-\challenge\.gradle\8.14\fileHashes)" [_thread_blocked, id=20260, stack(0x000000549a800000,0x000000549a900000)]
  0x000001f455a99990 JavaThread "Cache worker for Build Output Cleanup Cache (C:\Younes Lougnidi\UM6P-CS\Java\LABS\Lab4\Lab4-problems-\challenge\.gradle\buildOutputCleanup)" [_thread_blocked, id=10372, stack(0x000000549a900000,0x000000549aa00000)]
  0x000001f455a99ea0 JavaThread "File watcher server" daemon [_thread_in_native, id=9188, stack(0x000000549ad00000,0x000000549ae00000)]
  0x000001f4590b13b0 JavaThread "File watcher consumer" daemon [_thread_blocked, id=2496, stack(0x000000549ae00000,0x000000549af00000)]
  0x000001f4590aff70 JavaThread "jar transforms" [_thread_blocked, id=1932, stack(0x000000549af00000,0x000000549b000000)]
  0x000001f4590b1dd0 JavaThread "jar transforms Thread 2" [_thread_blocked, id=16552, stack(0x000000549b100000,0x000000549b200000)]
  0x000001f4590b3c30 JavaThread "Cache worker for checksums cache (C:\Younes Lougnidi\UM6P-CS\Java\LABS\Lab4\Lab4-problems-\challenge\.gradle\8.14\checksums)" [_thread_blocked, id=11700, stack(0x000000549b200000,0x000000549b300000)]
  0x000001f4590b0480 JavaThread "Cache worker for file content cache (C:\Users\lougn\.gradle\caches\8.14\fileContent)" [_thread_blocked, id=10636, stack(0x000000549b300000,0x000000549b400000)]
  0x000001f4590b27f0 JavaThread "jar transforms Thread 3" [_thread_blocked, id=4492, stack(0x000000549b400000,0x000000549b500000)]
  0x000001f4590b4140 JavaThread "Cache worker for cache directory md-supplier (C:\Users\lougn\.gradle\caches\8.14\md-supplier)" [_thread_blocked, id=19548, stack(0x000000549b500000,0x000000549b600000)]
  0x000001f4590b3720 JavaThread "Cache worker for cache directory md-rule (C:\Users\lougn\.gradle\caches\8.14\md-rule)" [_thread_blocked, id=19224, stack(0x000000549b600000,0x000000549b700000)]
  0x000001f4590b18c0 JavaThread "Unconstrained build operations" [_thread_blocked, id=1788, stack(0x000000549b700000,0x000000549b800000)]
  0x000001f4590b0990 JavaThread "Unconstrained build operations Thread 2" [_thread_blocked, id=6288, stack(0x000000549b800000,0x000000549b900000)]
  0x000001f4590b4650 JavaThread "Unconstrained build operations Thread 3" [_thread_blocked, id=9928, stack(0x000000549b900000,0x000000549ba00000)]
  0x000001f4590b0ea0 JavaThread "Unconstrained build operations Thread 4" [_thread_blocked, id=6324, stack(0x000000549ba00000,0x000000549bb00000)]
  0x000001f4590b69c0 JavaThread "Unconstrained build operations Thread 5" [_thread_blocked, id=6312, stack(0x000000549bb00000,0x000000549bc00000)]
  0x000001f4590b64b0 JavaThread "Unconstrained build operations Thread 6" [_thread_blocked, id=1688, stack(0x000000549bc00000,0x000000549bd00000)]
  0x000001f4590b5fa0 JavaThread "Unconstrained build operations Thread 7" [_thread_blocked, id=17604, stack(0x000000549bd00000,0x000000549be00000)]
  0x000001f4590b5580 JavaThread "Unconstrained build operations Thread 8" [_thread_blocked, id=2144, stack(0x000000549be00000,0x000000549bf00000)]
  0x000001f4590b4b60 JavaThread "Unconstrained build operations Thread 9" [_thread_blocked, id=10808, stack(0x000000549bf00000,0x000000549c000000)]
  0x000001f4590b5070 JavaThread "Unconstrained build operations Thread 10" [_thread_blocked, id=18788, stack(0x000000549c000000,0x000000549c100000)]
  0x000001f4590b6ed0 JavaThread "Unconstrained build operations Thread 11" [_thread_blocked, id=19116, stack(0x000000549c100000,0x000000549c200000)]
  0x000001f4590b73e0 JavaThread "Unconstrained build operations Thread 12" [_thread_blocked, id=1644, stack(0x000000549c200000,0x000000549c300000)]
  0x000001f4590b78f0 JavaThread "Unconstrained build operations Thread 13" [_thread_blocked, id=12668, stack(0x000000549c300000,0x000000549c400000)]
  0x000001f4590b5a90 JavaThread "Unconstrained build operations Thread 14" [_thread_blocked, id=21460, stack(0x000000549c400000,0x000000549c500000)]
  0x000001f459c4b4b0 JavaThread "jar transforms Thread 4" [_thread_blocked, id=9632, stack(0x000000549c500000,0x000000549c600000)]
  0x000001f459c4bed0 JavaThread "jar transforms Thread 5" [_thread_blocked, id=10760, stack(0x000000549c600000,0x000000549c700000)]
  0x000001f459c4a070 JavaThread "Unconstrained build operations Thread 15" [_thread_blocked, id=8116, stack(0x000000549c700000,0x000000549c800000)]
  0x000001f459c4b9c0 JavaThread "Unconstrained build operations Thread 16" [_thread_blocked, id=16740, stack(0x000000549c800000,0x000000549c900000)]
  0x000001f459c4ce00 JavaThread "Unconstrained build operations Thread 17" [_thread_blocked, id=20312, stack(0x000000549c900000,0x000000549ca00000)]
  0x000001f459c4d310 JavaThread "Unconstrained build operations Thread 18" [_thread_blocked, id=13696, stack(0x000000549ca00000,0x000000549cb00000)]
  0x000001f459c4d820 JavaThread "Unconstrained build operations Thread 19" [_thread_blocked, id=19812, stack(0x000000549cb00000,0x000000549cc00000)]
  0x000001f459c4dd30 JavaThread "Unconstrained build operations Thread 20" [_thread_blocked, id=13700, stack(0x000000549cc00000,0x000000549cd00000)]
  0x000001f459c4c3e0 JavaThread "Unconstrained build operations Thread 21" [_thread_blocked, id=16496, stack(0x000000549cd00000,0x000000549ce00000)]
  0x000001f459c4a580 JavaThread "jar transforms Thread 6" [_thread_blocked, id=10044, stack(0x000000549ce00000,0x000000549cf00000)]
  0x000001f459c4c8f0 JavaThread "jar transforms Thread 7" [_thread_blocked, id=2944, stack(0x000000549cf00000,0x000000549d000000)]
  0x000001f459c4e240 JavaThread "Unconstrained build operations Thread 22" [_thread_blocked, id=19600, stack(0x000000549d000000,0x000000549d100000)]
  0x000001f459c4aa90 JavaThread "Unconstrained build operations Thread 23" [_thread_blocked, id=17536, stack(0x000000549d100000,0x000000549d200000)]
  0x000001f459c4e750 JavaThread "Unconstrained build operations Thread 24" [_thread_blocked, id=17392, stack(0x000000549d200000,0x000000549d300000)]
  0x000001f459c4afa0 JavaThread "Unconstrained build operations Thread 25" [_thread_blocked, id=12468, stack(0x000000549d300000,0x000000549d400000)]
  0x000001f459c4f170 JavaThread "Unconstrained build operations Thread 26" [_thread_blocked, id=13488, stack(0x000000549d400000,0x000000549d500000)]
  0x000001f459c50ac0 JavaThread "Unconstrained build operations Thread 27" [_thread_blocked, id=5128, stack(0x000000549d500000,0x000000549d600000)]
  0x000001f459c505b0 JavaThread "Unconstrained build operations Thread 28" [_thread_blocked, id=5032, stack(0x000000549d600000,0x000000549d700000)]
  0x000001f459c500a0 JavaThread "jar transforms Thread 8" [_thread_blocked, id=17084, stack(0x000000549d700000,0x000000549d800000)]
  0x000001f459c4ec60 JavaThread "Unconstrained build operations Thread 29" [_thread_blocked, id=19952, stack(0x000000549d800000,0x000000549d900000)]
  0x000001f459c4f680 JavaThread "Unconstrained build operations Thread 30" [_thread_blocked, id=12416, stack(0x000000549d900000,0x000000549da00000)]
  0x000001f459c519f0 JavaThread "Unconstrained build operations Thread 31" [_thread_blocked, id=11756, stack(0x000000549da00000,0x000000549db00000)]
  0x000001f459c4fb90 JavaThread "Unconstrained build operations Thread 32" [_thread_blocked, id=6624, stack(0x000000549db00000,0x000000549dc00000)]
  0x000001f459c514e0 JavaThread "Unconstrained build operations Thread 33" [_thread_blocked, id=3992, stack(0x000000549dc00000,0x000000549dd00000)]
  0x000001f459c50fd0 JavaThread "Unconstrained build operations Thread 34" [_thread_blocked, id=14560, stack(0x000000549dd00000,0x000000549de00000)]
  0x000001f4566e8d80 JavaThread "Unconstrained build operations Thread 35" [_thread_blocked, id=9728, stack(0x000000549de00000,0x000000549df00000)]
  0x000001f4566e9290 JavaThread "Unconstrained build operations Thread 36" [_thread_blocked, id=2964, stack(0x000000549df00000,0x000000549e000000)]
  0x000001f4566ea6d0 JavaThread "Unconstrained build operations Thread 37" [_thread_blocked, id=4908, stack(0x000000549e000000,0x000000549e100000)]
  0x000001f4566e97a0 JavaThread "Unconstrained build operations Thread 38" [_thread_blocked, id=14616, stack(0x000000549e100000,0x000000549e200000)]
  0x000001f4566eb0f0 JavaThread "Unconstrained build operations Thread 39" [_thread_blocked, id=15192, stack(0x000000549e200000,0x000000549e300000)]
  0x000001f4566e9cb0 JavaThread "Unconstrained build operations Thread 40" [_thread_blocked, id=16096, stack(0x000000549e300000,0x000000549e400000)]
  0x000001f4566e8870 JavaThread "Unconstrained build operations Thread 41" [_thread_blocked, id=4980, stack(0x000000549e400000,0x000000549e500000)]
  0x000001f4566eabe0 JavaThread "Unconstrained build operations Thread 42" [_thread_blocked, id=20020, stack(0x000000549e500000,0x000000549e600000)]
  0x000001f4566eb600 JavaThread "Unconstrained build operations Thread 43" [_thread_blocked, id=3604, stack(0x000000549e600000,0x000000549e700000)]
  0x000001f4566e7e50 JavaThread "Unconstrained build operations Thread 44" [_thread_blocked, id=19404, stack(0x000000549e700000,0x000000549e800000)]
  0x000001f4566eca40 JavaThread "Unconstrained build operations Thread 45" [_thread_blocked, id=12824, stack(0x000000549e800000,0x000000549e900000)]
  0x000001f4566ed460 JavaThread "Unconstrained build operations Thread 46" [_thread_blocked, id=17100, stack(0x000000549e900000,0x000000549ea00000)]
  0x000001f4566ebb10 JavaThread "Unconstrained build operations Thread 47" [_thread_blocked, id=1352, stack(0x000000549ea00000,0x000000549eb00000)]
  0x000001f4566ec530 JavaThread "Unconstrained build operations Thread 48" [_thread_blocked, id=16608, stack(0x000000549eb00000,0x000000549ec00000)]
  0x000001f4566ecf50 JavaThread "Unconstrained build operations Thread 49" [_thread_blocked, id=17096, stack(0x000000549ec00000,0x000000549ed00000)]
  0x000001f454f555d0 JavaThread "C2 CompilerThread1" daemon [_thread_in_native, id=20036, stack(0x0000005499500000,0x0000005499600000)]
  0x000001f4566ea1c0 JavaThread "Memory manager" [_thread_blocked, id=6008, stack(0x000000549b000000,0x000000549b100000)]

Other Threads:
  0x000001f43a3f50b0 VMThread "VM Thread" [stack: 0x0000005498800000,0x0000005498900000] [id=21444]
  0x000001f43a59f600 WatcherThread [stack: 0x0000005499400000,0x0000005499500000] [id=6832]
  0x000001f41f81c320 GCTaskThread "GC Thread#0" [stack: 0x0000005498300000,0x0000005498400000] [id=10444]
  0x000001f4543e9500 GCTaskThread "GC Thread#1" [stack: 0x0000005499700000,0x0000005499800000] [id=17656]
  0x000001f454684b90 GCTaskThread "GC Thread#2" [stack: 0x0000005499800000,0x0000005499900000] [id=17780]
  0x000001f45450c240 GCTaskThread "GC Thread#3" [stack: 0x0000005499900000,0x0000005499a00000] [id=10988]
  0x000001f45450c510 GCTaskThread "GC Thread#4" [stack: 0x0000005499a00000,0x0000005499b00000] [id=5068]
  0x000001f45450c7e0 GCTaskThread "GC Thread#5" [stack: 0x0000005499b00000,0x0000005499c00000] [id=6156]
  0x000001f454b39120 GCTaskThread "GC Thread#6" [stack: 0x000000549aa00000,0x000000549ab00000] [id=10932]
  0x000001f454b388b0 GCTaskThread "GC Thread#7" [stack: 0x000000549ab00000,0x000000549ac00000] [id=21488]
  0x000001f41f821190 ConcurrentGCThread "G1 Main Marker" [stack: 0x0000005498400000,0x0000005498500000] [id=20076]
  0x000001f41f821ac0 ConcurrentGCThread "G1 Conc#0" [stack: 0x0000005498500000,0x0000005498600000] [id=14156]
  0x000001f454b38b80 ConcurrentGCThread "G1 Conc#1" [stack: 0x000000549ac00000,0x000000549ad00000] [id=9608]
  0x000001f43a2a6170 ConcurrentGCThread "G1 Refine#0" [stack: 0x0000005498600000,0x0000005498700000] [id=8372]
  0x000001f457ace760 ConcurrentGCThread "G1 Refine#1" [stack: 0x000000549ed00000,0x000000549ee00000] [id=340]
  0x000001f43a2a6860 ConcurrentGCThread "G1 Service" [stack: 0x0000005498700000,0x0000005498800000] [id=16524]

Threads with active compile tasks:
C2 CompilerThread0  6724 6354   !   4       com.google.common.reflect.TypeVisitor::visit (225 bytes)
C2 CompilerThread1  6724 6482 %     4       org.gradle.internal.instantiation.generator.AbstractClassGenerator::inspectType @ 193 (602 bytes)

VM state: not at safepoint (normal execution)

VM Mutex/Monitor currently owned by a thread: None

Heap address: 0x00000000e0000000, size: 512 MB, Compressed Oops mode: 32-bit

CDS archive(s) mapped at: [0x000001f43b000000-0x000001f43bbb0000-0x000001f43bbb0000), size 12255232, SharedBaseAddress: 0x000001f43b000000, ArchiveRelocationMode: 1.
Compressed class space mapped at: 0x000001f43c000000-0x000001f450000000, reserved size: 335544320
Narrow klass base: 0x000001f43b000000, Narrow klass shift: 0, Narrow klass range: 0x100000000

GC Precious Log:
 CPUs: 8 total, 8 available
 Memory: 24256M
 Large Page Support: Disabled
 NUMA Support: Disabled
 Compressed Oops: Enabled (32-bit)
 Heap Region Size: 1M
 Heap Min Capacity: 256M
 Heap Initial Capacity: 256M
 Heap Max Capacity: 512M
 Pre-touch: Disabled
 Parallel Workers: 8
 Concurrent Workers: 2
 Concurrent Refinement Workers: 8
 Periodic GC: Disabled

Heap:
 garbage-first heap   total 262144K, used 121109K [0x00000000e0000000, 0x0000000100000000)
  region size 1024K, 96 young (98304K), 18 survivors (18432K)
 Metaspace       used 52809K, committed 53504K, reserved 393216K
  class space    used 7499K, committed 7808K, reserved 327680K

Heap Regions: E=young(eden), S=young(survivor), O=old, HS=humongous(starts), HC=humongous(continues), CS=collection set, F=free, OA=open archive, CA=closed archive, TAMS=top-at-mark-start (previous, next)
|   0|0x00000000e0000000, 0x00000000e0100000, 0x00000000e0100000|100%|HS|  |TAMS 0x00000000e0100000, 0x00000000e0000000| Complete 
|   1|0x00000000e0100000, 0x00000000e0200000, 0x00000000e0200000|100%|HC|  |TAMS 0x00000000e0200000, 0x00000000e0100000| Complete 
|   2|0x00000000e0200000, 0x00000000e0300000, 0x00000000e0300000|100%|HC|  |TAMS 0x00000000e0300000, 0x00000000e0200000| Complete 
|   3|0x00000000e0300000, 0x00000000e0400000, 0x00000000e0400000|100%| O|  |TAMS 0x00000000e0400000, 0x00000000e0300000| Untracked 
|   4|0x00000000e0400000, 0x00000000e0500000, 0x00000000e0500000|100%| O|  |TAMS 0x00000000e0500000, 0x00000000e0400000| Untracked 
|   5|0x00000000e0500000, 0x00000000e0600000, 0x00000000e0600000|100%| O|  |TAMS 0x00000000e0600000, 0x00000000e0500000| Untracked 
|   6|0x00000000e0600000, 0x00000000e0700000, 0x00000000e0700000|100%| O|  |TAMS 0x00000000e0700000, 0x00000000e0600000| Untracked 
|   7|0x00000000e0700000, 0x00000000e0800000, 0x00000000e0800000|100%|HS|  |TAMS 0x00000000e0800000, 0x00000000e0700000| Complete 
|   8|0x00000000e0800000, 0x00000000e0900000, 0x00000000e0900000|100%|HS|  |TAMS 0x00000000e0800000, 0x00000000e0800000| Complete 
|   9|0x00000000e0900000, 0x00000000e0a00000, 0x00000000e0a00000|100%| O|  |TAMS 0x00000000e0a00000, 0x00000000e0900000| Untracked 
|  10|0x00000000e0a00000, 0x00000000e0b00000, 0x00000000e0b00000|100%| O|  |TAMS 0x00000000e0b00000, 0x00000000e0a00000| Untracked 
|  11|0x00000000e0b00000, 0x00000000e0c00000, 0x00000000e0c00000|100%| O|  |TAMS 0x00000000e0c00000, 0x00000000e0b00000| Untracked 
|  12|0x00000000e0c00000, 0x00000000e0d00000, 0x00000000e0d00000|100%| O|  |TAMS 0x00000000e0cd3000, 0x00000000e0c00000| Untracked 
|  13|0x00000000e0d00000, 0x00000000e0d00000, 0x00000000e0e00000|  0%| F|  |TAMS 0x00000000e0d00000, 0x00000000e0d00000| Untracked 
|  14|0x00000000e0e00000, 0x00000000e0e00000, 0x00000000e0f00000|  0%| F|  |TAMS 0x00000000e0e00000, 0x00000000e0e00000| Untracked 
|  15|0x00000000e0f00000, 0x00000000e1000000, 0x00000000e1000000|100%| O|  |TAMS 0x00000000e0f00000, 0x00000000e0f00000| Untracked 
|  16|0x00000000e1000000, 0x00000000e1100000, 0x00000000e1100000|100%| O|  |TAMS 0x00000000e1000000, 0x00000000e1000000| Untracked 
|  17|0x00000000e1100000, 0x00000000e1200000, 0x00000000e1200000|100%| O|  |TAMS 0x00000000e1100000, 0x00000000e1100000| Untracked 
|  18|0x00000000e1200000, 0x00000000e1300000, 0x00000000e1300000|100%| O|  |TAMS 0x00000000e1200000, 0x00000000e1200000| Untracked 
|  19|0x00000000e1300000, 0x00000000e1400000, 0x00000000e1400000|100%| O|  |TAMS 0x00000000e1300000, 0x00000000e1300000| Untracked 
|  20|0x00000000e1400000, 0x00000000e1500000, 0x00000000e1500000|100%| O|  |TAMS 0x00000000e1400000, 0x00000000e1400000| Untracked 
|  21|0x00000000e1500000, 0x00000000e1600000, 0x00000000e1600000|100%| O|  |TAMS 0x00000000e1500000, 0x00000000e1500000| Untracked 
|  22|0x00000000e1600000, 0x00000000e1700000, 0x00000000e1700000|100%| O|  |TAMS 0x00000000e1600000, 0x00000000e1600000| Untracked 
|  23|0x00000000e1700000, 0x00000000e1800000, 0x00000000e1800000|100%| O|  |TAMS 0x00000000e1700000, 0x00000000e1700000| Untracked 
|  24|0x00000000e1800000, 0x00000000e1900000, 0x00000000e1900000|100%| O|  |TAMS 0x00000000e1800000, 0x00000000e1800000| Untracked 
|  25|0x00000000e1900000, 0x00000000e19f4c00, 0x00000000e1a00000| 95%| O|  |TAMS 0x00000000e1900000, 0x00000000e1900000| Untracked 
|  26|0x00000000e1a00000, 0x00000000e1a00000, 0x00000000e1b00000|  0%| F|  |TAMS 0x00000000e1a00000, 0x00000000e1a00000| Untracked 
|  27|0x00000000e1b00000, 0x00000000e1b00000, 0x00000000e1c00000|  0%| F|  |TAMS 0x00000000e1b00000, 0x00000000e1b00000| Untracked 
|  28|0x00000000e1c00000, 0x00000000e1c00000, 0x00000000e1d00000|  0%| F|  |TAMS 0x00000000e1c00000, 0x00000000e1c00000| Untracked 
|  29|0x00000000e1d00000, 0x00000000e1d00000, 0x00000000e1e00000|  0%| F|  |TAMS 0x00000000e1d00000, 0x00000000e1d00000| Untracked 
|  30|0x00000000e1e00000, 0x00000000e1e00000, 0x00000000e1f00000|  0%| F|  |TAMS 0x00000000e1e00000, 0x00000000e1e00000| Untracked 
|  31|0x00000000e1f00000, 0x00000000e1f00000, 0x00000000e2000000|  0%| F|  |TAMS 0x00000000e1f00000, 0x00000000e1f00000| Untracked 
|  32|0x00000000e2000000, 0x00000000e2000000, 0x00000000e2100000|  0%| F|  |TAMS 0x00000000e2000000, 0x00000000e2000000| Untracked 
|  33|0x00000000e2100000, 0x00000000e2100000, 0x00000000e2200000|  0%| F|  |TAMS 0x00000000e2100000, 0x00000000e2100000| Untracked 
|  34|0x00000000e2200000, 0x00000000e2200000, 0x00000000e2300000|  0%| F|  |TAMS 0x00000000e2200000, 0x00000000e2200000| Untracked 
|  35|0x00000000e2300000, 0x00000000e2300000, 0x00000000e2400000|  0%| F|  |TAMS 0x00000000e2300000, 0x00000000e2300000| Untracked 
|  36|0x00000000e2400000, 0x00000000e2400000, 0x00000000e2500000|  0%| F|  |TAMS 0x00000000e2400000, 0x00000000e2400000| Untracked 
|  37|0x00000000e2500000, 0x00000000e2500000, 0x00000000e2600000|  0%| F|  |TAMS 0x00000000e2500000, 0x00000000e2500000| Untracked 
|  38|0x00000000e2600000, 0x00000000e2600000, 0x00000000e2700000|  0%| F|  |TAMS 0x00000000e2600000, 0x00000000e2600000| Untracked 
|  39|0x00000000e2700000, 0x00000000e2700000, 0x00000000e2800000|  0%| F|  |TAMS 0x00000000e2700000, 0x00000000e2700000| Untracked 
|  40|0x00000000e2800000, 0x00000000e2800000, 0x00000000e2900000|  0%| F|  |TAMS 0x00000000e2800000, 0x00000000e2800000| Untracked 
|  41|0x00000000e2900000, 0x00000000e2900000, 0x00000000e2a00000|  0%| F|  |TAMS 0x00000000e2900000, 0x00000000e2900000| Untracked 
|  42|0x00000000e2a00000, 0x00000000e2a00000, 0x00000000e2b00000|  0%| F|  |TAMS 0x00000000e2a00000, 0x00000000e2a00000| Untracked 
|  43|0x00000000e2b00000, 0x00000000e2b00000, 0x00000000e2c00000|  0%| F|  |TAMS 0x00000000e2b00000, 0x00000000e2b00000| Untracked 
|  44|0x00000000e2c00000, 0x00000000e2c00000, 0x00000000e2d00000|  0%| F|  |TAMS 0x00000000e2c00000, 0x00000000e2c00000| Untracked 
|  45|0x00000000e2d00000, 0x00000000e2d00000, 0x00000000e2e00000|  0%| F|  |TAMS 0x00000000e2d00000, 0x00000000e2d00000| Untracked 
|  46|0x00000000e2e00000, 0x00000000e2e00000, 0x00000000e2f00000|  0%| F|  |TAMS 0x00000000e2e00000, 0x00000000e2e00000| Untracked 
|  47|0x00000000e2f00000, 0x00000000e2f00000, 0x00000000e3000000|  0%| F|  |TAMS 0x00000000e2f00000, 0x00000000e2f00000| Untracked 
|  48|0x00000000e3000000, 0x00000000e3000000, 0x00000000e3100000|  0%| F|  |TAMS 0x00000000e3000000, 0x00000000e3000000| Untracked 
|  49|0x00000000e3100000, 0x00000000e3100000, 0x00000000e3200000|  0%| F|  |TAMS 0x00000000e3100000, 0x00000000e3100000| Untracked 
|  50|0x00000000e3200000, 0x00000000e3200000, 0x00000000e3300000|  0%| F|  |TAMS 0x00000000e3200000, 0x00000000e3200000| Untracked 
|  51|0x00000000e3300000, 0x00000000e3300000, 0x00000000e3400000|  0%| F|  |TAMS 0x00000000e3300000, 0x00000000e3300000| Untracked 
|  52|0x00000000e3400000, 0x00000000e3400000, 0x00000000e3500000|  0%| F|  |TAMS 0x00000000e3400000, 0x00000000e3400000| Untracked 
|  53|0x00000000e3500000, 0x00000000e3500000, 0x00000000e3600000|  0%| F|  |TAMS 0x00000000e3500000, 0x00000000e3500000| Untracked 
|  54|0x00000000e3600000, 0x00000000e3600000, 0x00000000e3700000|  0%| F|  |TAMS 0x00000000e3600000, 0x00000000e3600000| Untracked 
|  55|0x00000000e3700000, 0x00000000e3700000, 0x00000000e3800000|  0%| F|  |TAMS 0x00000000e3700000, 0x00000000e3700000| Untracked 
|  56|0x00000000e3800000, 0x00000000e3800000, 0x00000000e3900000|  0%| F|  |TAMS 0x00000000e3800000, 0x00000000e3800000| Untracked 
|  57|0x00000000e3900000, 0x00000000e3900000, 0x00000000e3a00000|  0%| F|  |TAMS 0x00000000e3900000, 0x00000000e3900000| Untracked 
|  58|0x00000000e3a00000, 0x00000000e3a00000, 0x00000000e3b00000|  0%| F|  |TAMS 0x00000000e3a00000, 0x00000000e3a00000| Untracked 
|  59|0x00000000e3b00000, 0x00000000e3b00000, 0x00000000e3c00000|  0%| F|  |TAMS 0x00000000e3b00000, 0x00000000e3b00000| Untracked 
|  60|0x00000000e3c00000, 0x00000000e3c00000, 0x00000000e3d00000|  0%| F|  |TAMS 0x00000000e3c00000, 0x00000000e3c00000| Untracked 
|  61|0x00000000e3d00000, 0x00000000e3d00000, 0x00000000e3e00000|  0%| F|  |TAMS 0x00000000e3d00000, 0x00000000e3d00000| Untracked 
|  62|0x00000000e3e00000, 0x00000000e3e00000, 0x00000000e3f00000|  0%| F|  |TAMS 0x00000000e3e00000, 0x00000000e3e00000| Untracked 
|  63|0x00000000e3f00000, 0x00000000e3f00000, 0x00000000e4000000|  0%| F|  |TAMS 0x00000000e3f00000, 0x00000000e3f00000| Untracked 
|  64|0x00000000e4000000, 0x00000000e4000000, 0x00000000e4100000|  0%| F|  |TAMS 0x00000000e4000000, 0x00000000e4000000| Untracked 
|  65|0x00000000e4100000, 0x00000000e4100000, 0x00000000e4200000|  0%| F|  |TAMS 0x00000000e4100000, 0x00000000e4100000| Untracked 
|  66|0x00000000e4200000, 0x00000000e4200000, 0x00000000e4300000|  0%| F|  |TAMS 0x00000000e4200000, 0x00000000e4200000| Untracked 
|  67|0x00000000e4300000, 0x00000000e4300000, 0x00000000e4400000|  0%| F|  |TAMS 0x00000000e4300000, 0x00000000e4300000| Untracked 
|  68|0x00000000e4400000, 0x00000000e4400000, 0x00000000e4500000|  0%| F|  |TAMS 0x00000000e4400000, 0x00000000e4400000| Untracked 
|  69|0x00000000e4500000, 0x00000000e4500000, 0x00000000e4600000|  0%| F|  |TAMS 0x00000000e4500000, 0x00000000e4500000| Untracked 
|  70|0x00000000e4600000, 0x00000000e4600000, 0x00000000e4700000|  0%| F|  |TAMS 0x00000000e4600000, 0x00000000e4600000| Untracked 
|  71|0x00000000e4700000, 0x00000000e4700000, 0x00000000e4800000|  0%| F|  |TAMS 0x00000000e4700000, 0x00000000e4700000| Untracked 
|  72|0x00000000e4800000, 0x00000000e4800000, 0x00000000e4900000|  0%| F|  |TAMS 0x00000000e4800000, 0x00000000e4800000| Untracked 
|  73|0x00000000e4900000, 0x00000000e4900000, 0x00000000e4a00000|  0%| F|  |TAMS 0x00000000e4900000, 0x00000000e4900000| Untracked 
|  74|0x00000000e4a00000, 0x00000000e4a00000, 0x00000000e4b00000|  0%| F|  |TAMS 0x00000000e4a00000, 0x00000000e4a00000| Untracked 
|  75|0x00000000e4b00000, 0x00000000e4b00000, 0x00000000e4c00000|  0%| F|  |TAMS 0x00000000e4b00000, 0x00000000e4b00000| Untracked 
|  76|0x00000000e4c00000, 0x00000000e4c00000, 0x00000000e4d00000|  0%| F|  |TAMS 0x00000000e4c00000, 0x00000000e4c00000| Untracked 
|  77|0x00000000e4d00000, 0x00000000e4d00000, 0x00000000e4e00000|  0%| F|  |TAMS 0x00000000e4d00000, 0x00000000e4d00000| Untracked 
|  78|0x00000000e4e00000, 0x00000000e4e00000, 0x00000000e4f00000|  0%| F|  |TAMS 0x00000000e4e00000, 0x00000000e4e00000| Untracked 
|  79|0x00000000e4f00000, 0x00000000e4f00000, 0x00000000e5000000|  0%| F|  |TAMS 0x00000000e4f00000, 0x00000000e4f00000| Untracked 
|  80|0x00000000e5000000, 0x00000000e5000000, 0x00000000e5100000|  0%| F|  |TAMS 0x00000000e5000000, 0x00000000e5000000| Untracked 
|  81|0x00000000e5100000, 0x00000000e5100000, 0x00000000e5200000|  0%| F|  |TAMS 0x00000000e5100000, 0x00000000e5100000| Untracked 
|  82|0x00000000e5200000, 0x00000000e5200000, 0x00000000e5300000|  0%| F|  |TAMS 0x00000000e5200000, 0x00000000e5200000| Untracked 
|  83|0x00000000e5300000, 0x00000000e5300000, 0x00000000e5400000|  0%| F|  |TAMS 0x00000000e5300000, 0x00000000e5300000| Untracked 
|  84|0x00000000e5400000, 0x00000000e5400000, 0x00000000e5500000|  0%| F|  |TAMS 0x00000000e5400000, 0x00000000e5400000| Untracked 
|  85|0x00000000e5500000, 0x00000000e5550900, 0x00000000e5600000| 31%| S|CS|TAMS 0x00000000e5500000, 0x00000000e5500000| Complete 
|  86|0x00000000e5600000, 0x00000000e5700000, 0x00000000e5700000|100%| S|CS|TAMS 0x00000000e5600000, 0x00000000e5600000| Complete 
|  87|0x00000000e5700000, 0x00000000e5800000, 0x00000000e5800000|100%| S|CS|TAMS 0x00000000e5700000, 0x00000000e5700000| Complete 
|  88|0x00000000e5800000, 0x00000000e5900000, 0x00000000e5900000|100%| S|CS|TAMS 0x00000000e5800000, 0x00000000e5800000| Complete 
|  89|0x00000000e5900000, 0x00000000e5a00000, 0x00000000e5a00000|100%| S|CS|TAMS 0x00000000e5900000, 0x00000000e5900000| Complete 
|  90|0x00000000e5a00000, 0x00000000e5b00000, 0x00000000e5b00000|100%| S|CS|TAMS 0x00000000e5a00000, 0x00000000e5a00000| Complete 
|  91|0x00000000e5b00000, 0x00000000e5c00000, 0x00000000e5c00000|100%| S|CS|TAMS 0x00000000e5b00000, 0x00000000e5b00000| Complete 
|  92|0x00000000e5c00000, 0x00000000e5d00000, 0x00000000e5d00000|100%| S|CS|TAMS 0x00000000e5c00000, 0x00000000e5c00000| Complete 
|  93|0x00000000e5d00000, 0x00000000e5e00000, 0x00000000e5e00000|100%| S|CS|TAMS 0x00000000e5d00000, 0x00000000e5d00000| Complete 
|  94|0x00000000e5e00000, 0x00000000e5f00000, 0x00000000e5f00000|100%| S|CS|TAMS 0x00000000e5e00000, 0x00000000e5e00000| Complete 
|  95|0x00000000e5f00000, 0x00000000e6000000, 0x00000000e6000000|100%| S|CS|TAMS 0x00000000e5f00000, 0x00000000e5f00000| Complete 
|  96|0x00000000e6000000, 0x00000000e6100000, 0x00000000e6100000|100%| S|CS|TAMS 0x00000000e6000000, 0x00000000e6000000| Complete 
|  97|0x00000000e6100000, 0x00000000e6200000, 0x00000000e6200000|100%| S|CS|TAMS 0x00000000e6100000, 0x00000000e6100000| Complete 
|  98|0x00000000e6200000, 0x00000000e6300000, 0x00000000e6300000|100%| S|CS|TAMS 0x00000000e6200000, 0x00000000e6200000| Complete 
|  99|0x00000000e6300000, 0x00000000e6400000, 0x00000000e6400000|100%| S|CS|TAMS 0x00000000e6300000, 0x00000000e6300000| Complete 
| 100|0x00000000e6400000, 0x00000000e6500000, 0x00000000e6500000|100%| S|CS|TAMS 0x00000000e6400000, 0x00000000e6400000| Complete 
| 101|0x00000000e6500000, 0x00000000e6600000, 0x00000000e6600000|100%| S|CS|TAMS 0x00000000e6500000, 0x00000000e6500000| Complete 
| 102|0x00000000e6600000, 0x00000000e6700000, 0x00000000e6700000|100%| S|CS|TAMS 0x00000000e6600000, 0x00000000e6600000| Complete 
| 103|0x00000000e6700000, 0x00000000e6700000, 0x00000000e6800000|  0%| F|  |TAMS 0x00000000e6700000, 0x00000000e6700000| Untracked 
| 104|0x00000000e6800000, 0x00000000e6800000, 0x00000000e6900000|  0%| F|  |TAMS 0x00000000e6800000, 0x00000000e6800000| Untracked 
| 105|0x00000000e6900000, 0x00000000e6900000, 0x00000000e6a00000|  0%| F|  |TAMS 0x00000000e6900000, 0x00000000e6900000| Untracked 
| 106|0x00000000e6a00000, 0x00000000e6a00000, 0x00000000e6b00000|  0%| F|  |TAMS 0x00000000e6a00000, 0x00000000e6a00000| Untracked 
| 107|0x00000000e6b00000, 0x00000000e6b00000, 0x00000000e6c00000|  0%| F|  |TAMS 0x00000000e6b00000, 0x00000000e6b00000| Untracked 
| 108|0x00000000e6c00000, 0x00000000e6c00000, 0x00000000e6d00000|  0%| F|  |TAMS 0x00000000e6c00000, 0x00000000e6c00000| Untracked 
| 109|0x00000000e6d00000, 0x00000000e6d00000, 0x00000000e6e00000|  0%| F|  |TAMS 0x00000000e6d00000, 0x00000000e6d00000| Untracked 
| 110|0x00000000e6e00000, 0x00000000e6e00000, 0x00000000e6f00000|  0%| F|  |TAMS 0x00000000e6e00000, 0x00000000e6e00000| Untracked 
| 111|0x00000000e6f00000, 0x00000000e6f00000, 0x00000000e7000000|  0%| F|  |TAMS 0x00000000e6f00000, 0x00000000e6f00000| Untracked 
| 112|0x00000000e7000000, 0x00000000e7000000, 0x00000000e7100000|  0%| F|  |TAMS 0x00000000e7000000, 0x00000000e7000000| Untracked 
| 113|0x00000000e7100000, 0x00000000e7100000, 0x00000000e7200000|  0%| F|  |TAMS 0x00000000e7100000, 0x00000000e7100000| Untracked 
| 114|0x00000000e7200000, 0x00000000e7200000, 0x00000000e7300000|  0%| F|  |TAMS 0x00000000e7200000, 0x00000000e7200000| Untracked 
| 115|0x00000000e7300000, 0x00000000e7300000, 0x00000000e7400000|  0%| F|  |TAMS 0x00000000e7300000, 0x00000000e7300000| Untracked 
| 116|0x00000000e7400000, 0x00000000e7400000, 0x00000000e7500000|  0%| F|  |TAMS 0x00000000e7400000, 0x00000000e7400000| Untracked 
| 117|0x00000000e7500000, 0x00000000e7500000, 0x00000000e7600000|  0%| F|  |TAMS 0x00000000e7500000, 0x00000000e7500000| Untracked 
| 118|0x00000000e7600000, 0x00000000e7600000, 0x00000000e7700000|  0%| F|  |TAMS 0x00000000e7600000, 0x00000000e7600000| Untracked 
| 119|0x00000000e7700000, 0x00000000e7700000, 0x00000000e7800000|  0%| F|  |TAMS 0x00000000e7700000, 0x00000000e7700000| Untracked 
| 120|0x00000000e7800000, 0x00000000e7800000, 0x00000000e7900000|  0%| F|  |TAMS 0x00000000e7800000, 0x00000000e7800000| Untracked 
| 121|0x00000000e7900000, 0x00000000e7900000, 0x00000000e7a00000|  0%| F|  |TAMS 0x00000000e7900000, 0x00000000e7900000| Untracked 
| 122|0x00000000e7a00000, 0x00000000e7a00000, 0x00000000e7b00000|  0%| F|  |TAMS 0x00000000e7a00000, 0x00000000e7a00000| Untracked 
| 123|0x00000000e7b00000, 0x00000000e7b00000, 0x00000000e7c00000|  0%| F|  |TAMS 0x00000000e7b00000, 0x00000000e7b00000| Untracked 
| 124|0x00000000e7c00000, 0x00000000e7c00000, 0x00000000e7d00000|  0%| F|  |TAMS 0x00000000e7c00000, 0x00000000e7c00000| Untracked 
| 125|0x00000000e7d00000, 0x00000000e7d00000, 0x00000000e7e00000|  0%| F|  |TAMS 0x00000000e7d00000, 0x00000000e7d00000| Untracked 
| 126|0x00000000e7e00000, 0x00000000e7e00000, 0x00000000e7f00000|  0%| F|  |TAMS 0x00000000e7e00000, 0x00000000e7e00000| Untracked 
| 127|0x00000000e7f00000, 0x00000000e7f00000, 0x00000000e8000000|  0%| F|  |TAMS 0x00000000e7f00000, 0x00000000e7f00000| Untracked 
| 128|0x00000000e8000000, 0x00000000e8000000, 0x00000000e8100000|  0%| F|  |TAMS 0x00000000e8000000, 0x00000000e8000000| Untracked 
| 129|0x00000000e8100000, 0x00000000e8100000, 0x00000000e8200000|  0%| F|  |TAMS 0x00000000e8100000, 0x00000000e8100000| Untracked 
| 130|0x00000000e8200000, 0x00000000e8200000, 0x00000000e8300000|  0%| F|  |TAMS 0x00000000e8200000, 0x00000000e8200000| Untracked 
| 131|0x00000000e8300000, 0x00000000e8300000, 0x00000000e8400000|  0%| F|  |TAMS 0x00000000e8300000, 0x00000000e8300000| Untracked 
| 132|0x00000000e8400000, 0x00000000e8400000, 0x00000000e8500000|  0%| F|  |TAMS 0x00000000e8400000, 0x00000000e8400000| Untracked 
| 133|0x00000000e8500000, 0x00000000e8500000, 0x00000000e8600000|  0%| F|  |TAMS 0x00000000e8500000, 0x00000000e8500000| Untracked 
| 134|0x00000000e8600000, 0x00000000e8600000, 0x00000000e8700000|  0%| F|  |TAMS 0x00000000e8600000, 0x00000000e8600000| Untracked 
| 135|0x00000000e8700000, 0x00000000e8700000, 0x00000000e8800000|  0%| F|  |TAMS 0x00000000e8700000, 0x00000000e8700000| Untracked 
| 136|0x00000000e8800000, 0x00000000e8800000, 0x00000000e8900000|  0%| F|  |TAMS 0x00000000e8800000, 0x00000000e8800000| Untracked 
| 137|0x00000000e8900000, 0x00000000e8900000, 0x00000000e8a00000|  0%| F|  |TAMS 0x00000000e8900000, 0x00000000e8900000| Untracked 
| 138|0x00000000e8a00000, 0x00000000e8a00000, 0x00000000e8b00000|  0%| F|  |TAMS 0x00000000e8a00000, 0x00000000e8a00000| Untracked 
| 139|0x00000000e8b00000, 0x00000000e8b00000, 0x00000000e8c00000|  0%| F|  |TAMS 0x00000000e8b00000, 0x00000000e8b00000| Untracked 
| 140|0x00000000e8c00000, 0x00000000e8c00000, 0x00000000e8d00000|  0%| F|  |TAMS 0x00000000e8c00000, 0x00000000e8c00000| Untracked 
| 141|0x00000000e8d00000, 0x00000000e8d00000, 0x00000000e8e00000|  0%| F|  |TAMS 0x00000000e8d00000, 0x00000000e8d00000| Untracked 
| 142|0x00000000e8e00000, 0x00000000e8e00000, 0x00000000e8f00000|  0%| F|  |TAMS 0x00000000e8e00000, 0x00000000e8e00000| Untracked 
| 143|0x00000000e8f00000, 0x00000000e8f00000, 0x00000000e9000000|  0%| F|  |TAMS 0x00000000e8f00000, 0x00000000e8f00000| Untracked 
| 144|0x00000000e9000000, 0x00000000e9000000, 0x00000000e9100000|  0%| F|  |TAMS 0x00000000e9000000, 0x00000000e9000000| Untracked 
| 145|0x00000000e9100000, 0x00000000e9100000, 0x00000000e9200000|  0%| F|  |TAMS 0x00000000e9100000, 0x00000000e9100000| Untracked 
| 146|0x00000000e9200000, 0x00000000e9200000, 0x00000000e9300000|  0%| F|  |TAMS 0x00000000e9200000, 0x00000000e9200000| Untracked 
| 147|0x00000000e9300000, 0x00000000e9300000, 0x00000000e9400000|  0%| F|  |TAMS 0x00000000e9300000, 0x00000000e9300000| Untracked 
| 148|0x00000000e9400000, 0x00000000e9400000, 0x00000000e9500000|  0%| F|  |TAMS 0x00000000e9400000, 0x00000000e9400000| Untracked 
| 149|0x00000000e9500000, 0x00000000e9500000, 0x00000000e9600000|  0%| F|  |TAMS 0x00000000e9500000, 0x00000000e9500000| Untracked 
| 150|0x00000000e9600000, 0x00000000e9600000, 0x00000000e9700000|  0%| F|  |TAMS 0x00000000e9600000, 0x00000000e9600000| Untracked 
| 151|0x00000000e9700000, 0x00000000e9700000, 0x00000000e9800000|  0%| F|  |TAMS 0x00000000e9700000, 0x00000000e9700000| Untracked 
| 152|0x00000000e9800000, 0x00000000e9800000, 0x00000000e9900000|  0%| F|  |TAMS 0x00000000e9800000, 0x00000000e9800000| Untracked 
| 153|0x00000000e9900000, 0x00000000e9900000, 0x00000000e9a00000|  0%| F|  |TAMS 0x00000000e9900000, 0x00000000e9900000| Untracked 
| 154|0x00000000e9a00000, 0x00000000e9a00000, 0x00000000e9b00000|  0%| F|  |TAMS 0x00000000e9a00000, 0x00000000e9a00000| Untracked 
| 155|0x00000000e9b00000, 0x00000000e9b00000, 0x00000000e9c00000|  0%| F|  |TAMS 0x00000000e9b00000, 0x00000000e9b00000| Untracked 
| 156|0x00000000e9c00000, 0x00000000e9c00000, 0x00000000e9d00000|  0%| F|  |TAMS 0x00000000e9c00000, 0x00000000e9c00000| Untracked 
| 157|0x00000000e9d00000, 0x00000000e9d00000, 0x00000000e9e00000|  0%| F|  |TAMS 0x00000000e9d00000, 0x00000000e9d00000| Untracked 
| 158|0x00000000e9e00000, 0x00000000e9e00000, 0x00000000e9f00000|  0%| F|  |TAMS 0x00000000e9e00000, 0x00000000e9e00000| Untracked 
| 159|0x00000000e9f00000, 0x00000000e9f00000, 0x00000000ea000000|  0%| F|  |TAMS 0x00000000e9f00000, 0x00000000e9f00000| Untracked 
| 160|0x00000000ea000000, 0x00000000ea000000, 0x00000000ea100000|  0%| F|  |TAMS 0x00000000ea000000, 0x00000000ea000000| Untracked 
| 161|0x00000000ea100000, 0x00000000ea100000, 0x00000000ea200000|  0%| F|  |TAMS 0x00000000ea100000, 0x00000000ea100000| Untracked 
| 162|0x00000000ea200000, 0x00000000ea200000, 0x00000000ea300000|  0%| F|  |TAMS 0x00000000ea200000, 0x00000000ea200000| Untracked 
| 163|0x00000000ea300000, 0x00000000ea300000, 0x00000000ea400000|  0%| F|  |TAMS 0x00000000ea300000, 0x00000000ea300000| Untracked 
| 164|0x00000000ea400000, 0x00000000ea400000, 0x00000000ea500000|  0%| F|  |TAMS 0x00000000ea400000, 0x00000000ea400000| Untracked 
| 165|0x00000000ea500000, 0x00000000ea500000, 0x00000000ea600000|  0%| F|  |TAMS 0x00000000ea500000, 0x00000000ea500000| Untracked 
| 166|0x00000000ea600000, 0x00000000ea600000, 0x00000000ea700000|  0%| F|  |TAMS 0x00000000ea600000, 0x00000000ea600000| Untracked 
| 167|0x00000000ea700000, 0x00000000ea700000, 0x00000000ea800000|  0%| F|  |TAMS 0x00000000ea700000, 0x00000000ea700000| Untracked 
| 168|0x00000000ea800000, 0x00000000ea800000, 0x00000000ea900000|  0%| F|  |TAMS 0x00000000ea800000, 0x00000000ea800000| Untracked 
| 169|0x00000000ea900000, 0x00000000ea900000, 0x00000000eaa00000|  0%| F|  |TAMS 0x00000000ea900000, 0x00000000ea900000| Untracked 
| 170|0x00000000eaa00000, 0x00000000eaa00000, 0x00000000eab00000|  0%| F|  |TAMS 0x00000000eaa00000, 0x00000000eaa00000| Untracked 
| 171|0x00000000eab00000, 0x00000000eab00000, 0x00000000eac00000|  0%| F|  |TAMS 0x00000000eab00000, 0x00000000eab00000| Untracked 
| 172|0x00000000eac00000, 0x00000000eac00000, 0x00000000ead00000|  0%| F|  |TAMS 0x00000000eac00000, 0x00000000eac00000| Untracked 
| 173|0x00000000ead00000, 0x00000000ead00000, 0x00000000eae00000|  0%| F|  |TAMS 0x00000000ead00000, 0x00000000ead00000| Untracked 
| 174|0x00000000eae00000, 0x00000000eae00000, 0x00000000eaf00000|  0%| F|  |TAMS 0x00000000eae00000, 0x00000000eae00000| Untracked 
| 175|0x00000000eaf00000, 0x00000000eaf00000, 0x00000000eb000000|  0%| F|  |TAMS 0x00000000eaf00000, 0x00000000eaf00000| Untracked 
| 176|0x00000000eb000000, 0x00000000eb000000, 0x00000000eb100000|  0%| F|  |TAMS 0x00000000eb000000, 0x00000000eb000000| Untracked 
| 177|0x00000000eb100000, 0x00000000eb180410, 0x00000000eb200000| 50%| E|  |TAMS 0x00000000eb100000, 0x00000000eb100000| Complete 
| 178|0x00000000eb200000, 0x00000000eb300000, 0x00000000eb300000|100%| E|CS|TAMS 0x00000000eb200000, 0x00000000eb200000| Complete 
| 179|0x00000000eb300000, 0x00000000eb400000, 0x00000000eb400000|100%| E|CS|TAMS 0x00000000eb300000, 0x00000000eb300000| Complete 
| 180|0x00000000eb400000, 0x00000000eb500000, 0x00000000eb500000|100%| E|CS|TAMS 0x00000000eb400000, 0x00000000eb400000| Complete 
| 181|0x00000000eb500000, 0x00000000eb600000, 0x00000000eb600000|100%| E|CS|TAMS 0x00000000eb500000, 0x00000000eb500000| Complete 
| 182|0x00000000eb600000, 0x00000000eb700000, 0x00000000eb700000|100%| E|CS|TAMS 0x00000000eb600000, 0x00000000eb600000| Complete 
| 183|0x00000000eb700000, 0x00000000eb800000, 0x00000000eb800000|100%| E|CS|TAMS 0x00000000eb700000, 0x00000000eb700000| Complete 
| 184|0x00000000eb800000, 0x00000000eb900000, 0x00000000eb900000|100%| E|CS|TAMS 0x00000000eb800000, 0x00000000eb800000| Complete 
| 185|0x00000000eb900000, 0x00000000eba00000, 0x00000000eba00000|100%| E|CS|TAMS 0x00000000eb900000, 0x00000000eb900000| Complete 
| 186|0x00000000eba00000, 0x00000000ebb00000, 0x00000000ebb00000|100%| E|CS|TAMS 0x00000000eba00000, 0x00000000eba00000| Complete 
| 187|0x00000000ebb00000, 0x00000000ebc00000, 0x00000000ebc00000|100%| E|CS|TAMS 0x00000000ebb00000, 0x00000000ebb00000| Complete 
| 188|0x00000000ebc00000, 0x00000000ebd00000, 0x00000000ebd00000|100%| E|CS|TAMS 0x00000000ebc00000, 0x00000000ebc00000| Complete 
| 189|0x00000000ebd00000, 0x00000000ebe00000, 0x00000000ebe00000|100%| E|CS|TAMS 0x00000000ebd00000, 0x00000000ebd00000| Complete 
| 190|0x00000000ebe00000, 0x00000000ebf00000, 0x00000000ebf00000|100%| E|CS|TAMS 0x00000000ebe00000, 0x00000000ebe00000| Complete 
| 191|0x00000000ebf00000, 0x00000000ec000000, 0x00000000ec000000|100%| E|CS|TAMS 0x00000000ebf00000, 0x00000000ebf00000| Complete 
| 192|0x00000000ec000000, 0x00000000ec100000, 0x00000000ec100000|100%| E|CS|TAMS 0x00000000ec000000, 0x00000000ec000000| Complete 
| 193|0x00000000ec100000, 0x00000000ec200000, 0x00000000ec200000|100%| E|CS|TAMS 0x00000000ec100000, 0x00000000ec100000| Complete 
| 194|0x00000000ec200000, 0x00000000ec300000, 0x00000000ec300000|100%| E|CS|TAMS 0x00000000ec200000, 0x00000000ec200000| Complete 
| 195|0x00000000ec300000, 0x00000000ec400000, 0x00000000ec400000|100%| E|CS|TAMS 0x00000000ec300000, 0x00000000ec300000| Complete 
| 196|0x00000000ec400000, 0x00000000ec500000, 0x00000000ec500000|100%| E|CS|TAMS 0x00000000ec400000, 0x00000000ec400000| Complete 
| 197|0x00000000ec500000, 0x00000000ec600000, 0x00000000ec600000|100%| E|CS|TAMS 0x00000000ec500000, 0x00000000ec500000| Complete 
| 198|0x00000000ec600000, 0x00000000ec700000, 0x00000000ec700000|100%| E|CS|TAMS 0x00000000ec600000, 0x00000000ec600000| Complete 
| 199|0x00000000ec700000, 0x00000000ec800000, 0x00000000ec800000|100%| E|CS|TAMS 0x00000000ec700000, 0x00000000ec700000| Complete 
| 200|0x00000000ec800000, 0x00000000ec900000, 0x00000000ec900000|100%| E|CS|TAMS 0x00000000ec800000, 0x00000000ec800000| Complete 
| 201|0x00000000ec900000, 0x00000000eca00000, 0x00000000eca00000|100%| E|CS|TAMS 0x00000000ec900000, 0x00000000ec900000| Complete 
| 202|0x00000000eca00000, 0x00000000ecb00000, 0x00000000ecb00000|100%| E|CS|TAMS 0x00000000eca00000, 0x00000000eca00000| Complete 
| 203|0x00000000ecb00000, 0x00000000ecc00000, 0x00000000ecc00000|100%| E|CS|TAMS 0x00000000ecb00000, 0x00000000ecb00000| Complete 
| 204|0x00000000ecc00000, 0x00000000ecd00000, 0x00000000ecd00000|100%| E|CS|TAMS 0x00000000ecc00000, 0x00000000ecc00000| Complete 
| 205|0x00000000ecd00000, 0x00000000ece00000, 0x00000000ece00000|100%| E|CS|TAMS 0x00000000ecd00000, 0x00000000ecd00000| Complete 
| 206|0x00000000ece00000, 0x00000000ecf00000, 0x00000000ecf00000|100%| E|CS|TAMS 0x00000000ece00000, 0x00000000ece00000| Complete 
| 207|0x00000000ecf00000, 0x00000000ed000000, 0x00000000ed000000|100%| E|CS|TAMS 0x00000000ecf00000, 0x00000000ecf00000| Complete 
| 208|0x00000000ed000000, 0x00000000ed100000, 0x00000000ed100000|100%| E|CS|TAMS 0x00000000ed000000, 0x00000000ed000000| Complete 
| 209|0x00000000ed100000, 0x00000000ed200000, 0x00000000ed200000|100%| E|CS|TAMS 0x00000000ed100000, 0x00000000ed100000| Complete 
| 210|0x00000000ed200000, 0x00000000ed300000, 0x00000000ed300000|100%| E|CS|TAMS 0x00000000ed200000, 0x00000000ed200000| Complete 
| 211|0x00000000ed300000, 0x00000000ed400000, 0x00000000ed400000|100%| E|CS|TAMS 0x00000000ed300000, 0x00000000ed300000| Complete 
| 212|0x00000000ed400000, 0x00000000ed500000, 0x00000000ed500000|100%| E|CS|TAMS 0x00000000ed400000, 0x00000000ed400000| Complete 
| 213|0x00000000ed500000, 0x00000000ed600000, 0x00000000ed600000|100%| E|CS|TAMS 0x00000000ed500000, 0x00000000ed500000| Complete 
| 214|0x00000000ed600000, 0x00000000ed700000, 0x00000000ed700000|100%| E|CS|TAMS 0x00000000ed600000, 0x00000000ed600000| Complete 
| 215|0x00000000ed700000, 0x00000000ed800000, 0x00000000ed800000|100%| E|CS|TAMS 0x00000000ed700000, 0x00000000ed700000| Complete 
| 216|0x00000000ed800000, 0x00000000ed900000, 0x00000000ed900000|100%| E|CS|TAMS 0x00000000ed800000, 0x00000000ed800000| Complete 
| 217|0x00000000ed900000, 0x00000000eda00000, 0x00000000eda00000|100%| E|CS|TAMS 0x00000000ed900000, 0x00000000ed900000| Complete 
| 218|0x00000000eda00000, 0x00000000edb00000, 0x00000000edb00000|100%| E|CS|TAMS 0x00000000eda00000, 0x00000000eda00000| Complete 
| 219|0x00000000edb00000, 0x00000000edc00000, 0x00000000edc00000|100%| E|CS|TAMS 0x00000000edb00000, 0x00000000edb00000| Complete 
| 220|0x00000000edc00000, 0x00000000edd00000, 0x00000000edd00000|100%| E|CS|TAMS 0x00000000edc00000, 0x00000000edc00000| Complete 
| 221|0x00000000edd00000, 0x00000000ede00000, 0x00000000ede00000|100%| E|CS|TAMS 0x00000000edd00000, 0x00000000edd00000| Complete 
| 222|0x00000000ede00000, 0x00000000edf00000, 0x00000000edf00000|100%| E|CS|TAMS 0x00000000ede00000, 0x00000000ede00000| Complete 
| 223|0x00000000edf00000, 0x00000000ee000000, 0x00000000ee000000|100%| E|CS|TAMS 0x00000000edf00000, 0x00000000edf00000| Complete 
| 224|0x00000000ee000000, 0x00000000ee100000, 0x00000000ee100000|100%| E|CS|TAMS 0x00000000ee000000, 0x00000000ee000000| Complete 
| 225|0x00000000ee100000, 0x00000000ee200000, 0x00000000ee200000|100%| E|CS|TAMS 0x00000000ee100000, 0x00000000ee100000| Complete 
| 226|0x00000000ee200000, 0x00000000ee300000, 0x00000000ee300000|100%| E|CS|TAMS 0x00000000ee200000, 0x00000000ee200000| Complete 
| 227|0x00000000ee300000, 0x00000000ee400000, 0x00000000ee400000|100%| E|CS|TAMS 0x00000000ee300000, 0x00000000ee300000| Complete 
| 228|0x00000000ee400000, 0x00000000ee500000, 0x00000000ee500000|100%| E|CS|TAMS 0x00000000ee400000, 0x00000000ee400000| Complete 
| 229|0x00000000ee500000, 0x00000000ee600000, 0x00000000ee600000|100%| E|CS|TAMS 0x00000000ee500000, 0x00000000ee500000| Complete 
| 230|0x00000000ee600000, 0x00000000ee700000, 0x00000000ee700000|100%| E|CS|TAMS 0x00000000ee600000, 0x00000000ee600000| Complete 
| 231|0x00000000ee700000, 0x00000000ee800000, 0x00000000ee800000|100%| E|CS|TAMS 0x00000000ee700000, 0x00000000ee700000| Complete 
| 232|0x00000000ee800000, 0x00000000ee900000, 0x00000000ee900000|100%| E|CS|TAMS 0x00000000ee800000, 0x00000000ee800000| Complete 
| 233|0x00000000ee900000, 0x00000000eea00000, 0x00000000eea00000|100%| E|CS|TAMS 0x00000000ee900000, 0x00000000ee900000| Complete 
| 234|0x00000000eea00000, 0x00000000eeb00000, 0x00000000eeb00000|100%| E|CS|TAMS 0x00000000eea00000, 0x00000000eea00000| Complete 
| 235|0x00000000eeb00000, 0x00000000eec00000, 0x00000000eec00000|100%| E|CS|TAMS 0x00000000eeb00000, 0x00000000eeb00000| Complete 
| 236|0x00000000eec00000, 0x00000000eed00000, 0x00000000eed00000|100%| E|CS|TAMS 0x00000000eec00000, 0x00000000eec00000| Complete 
| 237|0x00000000eed00000, 0x00000000eee00000, 0x00000000eee00000|100%| E|CS|TAMS 0x00000000eed00000, 0x00000000eed00000| Complete 
| 238|0x00000000eee00000, 0x00000000eef00000, 0x00000000eef00000|100%| E|CS|TAMS 0x00000000eee00000, 0x00000000eee00000| Complete 
| 239|0x00000000eef00000, 0x00000000ef000000, 0x00000000ef000000|100%| E|CS|TAMS 0x00000000eef00000, 0x00000000eef00000| Complete 
| 240|0x00000000ef000000, 0x00000000ef100000, 0x00000000ef100000|100%| E|CS|TAMS 0x00000000ef000000, 0x00000000ef000000| Complete 
| 241|0x00000000ef100000, 0x00000000ef200000, 0x00000000ef200000|100%| E|CS|TAMS 0x00000000ef100000, 0x00000000ef100000| Complete 
| 242|0x00000000ef200000, 0x00000000ef300000, 0x00000000ef300000|100%| E|CS|TAMS 0x00000000ef200000, 0x00000000ef200000| Complete 
| 243|0x00000000ef300000, 0x00000000ef400000, 0x00000000ef400000|100%| E|CS|TAMS 0x00000000ef300000, 0x00000000ef300000| Complete 
| 244|0x00000000ef400000, 0x00000000ef500000, 0x00000000ef500000|100%| E|CS|TAMS 0x00000000ef400000, 0x00000000ef400000| Complete 
| 245|0x00000000ef500000, 0x00000000ef600000, 0x00000000ef600000|100%| E|CS|TAMS 0x00000000ef500000, 0x00000000ef500000| Complete 
| 246|0x00000000ef600000, 0x00000000ef700000, 0x00000000ef700000|100%| E|CS|TAMS 0x00000000ef600000, 0x00000000ef600000| Complete 
| 247|0x00000000ef700000, 0x00000000ef800000, 0x00000000ef800000|100%| E|CS|TAMS 0x00000000ef700000, 0x00000000ef700000| Complete 
| 248|0x00000000ef800000, 0x00000000ef900000, 0x00000000ef900000|100%| E|CS|TAMS 0x00000000ef800000, 0x00000000ef800000| Complete 
| 249|0x00000000ef900000, 0x00000000efa00000, 0x00000000efa00000|100%| E|CS|TAMS 0x00000000ef900000, 0x00000000ef900000| Complete 
| 250|0x00000000efa00000, 0x00000000efb00000, 0x00000000efb00000|100%| E|CS|TAMS 0x00000000efa00000, 0x00000000efa00000| Complete 
| 251|0x00000000efb00000, 0x00000000efc00000, 0x00000000efc00000|100%| E|CS|TAMS 0x00000000efb00000, 0x00000000efb00000| Complete 
| 252|0x00000000efc00000, 0x00000000efd00000, 0x00000000efd00000|100%| E|CS|TAMS 0x00000000efc00000, 0x00000000efc00000| Complete 
| 253|0x00000000efd00000, 0x00000000efe00000, 0x00000000efe00000|100%| E|CS|TAMS 0x00000000efd00000, 0x00000000efd00000| Complete 
| 254|0x00000000efe00000, 0x00000000eff00000, 0x00000000eff00000|100%| E|CS|TAMS 0x00000000efe00000, 0x00000000efe00000| Complete 
| 255|0x00000000eff00000, 0x00000000f0000000, 0x00000000f0000000|100%| E|CS|TAMS 0x00000000eff00000, 0x00000000eff00000| Complete 

Card table byte_map: [0x000001f4367c0000,0x000001f4368c0000] _byte_map_base: 0x000001f4360c0000

Marking Bits (Prev, Next): (CMBitMap*) 0x000001f41f81c860, (CMBitMap*) 0x000001f41f81c8a0
 Prev Bits: [0x000001f4369c0000, 0x000001f4371c0000)
 Next Bits: [0x000001f4371c0000, 0x000001f4379c0000)

Polling page: 0x000001f41d560000

Metaspace:

Usage:
  Non-class:     44.29 MB used.
      Class:      7.33 MB used.
       Both:     51.62 MB used.

Virtual space:
  Non-class space:       64.00 MB reserved,      44.69 MB ( 70%) committed,  1 nodes.
      Class space:      320.00 MB reserved,       7.69 MB (  2%) committed,  1 nodes.
             Both:      384.00 MB reserved,      52.38 MB ( 14%) committed. 

Chunk freelists:
   Non-Class:  2.67 MB
       Class:  8.17 MB
        Both:  10.84 MB

MaxMetaspaceSize: 384.00 MB
CompressedClassSpaceSize: 320.00 MB
Initial GC threshold: 21.00 MB
Current GC threshold: 59.06 MB
CDS: on
MetaspaceReclaimPolicy: balanced
 - commit_granule_bytes: 65536.
 - commit_granule_words: 8192.
 - virtual_space_node_default_size: 8388608.
 - enlarge_chunks_in_place: 1.
 - new_chunks_are_fully_committed: 0.
 - uncommit_free_chunks: 1.
 - use_allocation_guard: 0.
 - handle_deallocations: 1.


Internal statistics:

num_allocs_failed_limit: 6.
num_arena_births: 786.
num_arena_deaths: 0.
num_vsnodes_births: 2.
num_vsnodes_deaths: 0.
num_space_committed: 838.
num_space_uncommitted: 0.
num_chunks_returned_to_freelist: 6.
num_chunks_taken_from_freelist: 3018.
num_chunk_merges: 6.
num_chunk_splits: 1950.
num_chunks_enlarged: 1281.
num_inconsistent_stats: 0.

CodeHeap 'non-profiled nmethods': size=120000Kb used=3413Kb max_used=3413Kb free=116586Kb
 bounds [0x000001f42ee50000, 0x000001f42f1b0000, 0x000001f436380000]
CodeHeap 'profiled nmethods': size=120000Kb used=11276Kb max_used=11276Kb free=108723Kb
 bounds [0x000001f427380000, 0x000001f427e90000, 0x000001f42e8b0000]
CodeHeap 'non-nmethods': size=5760Kb used=2345Kb max_used=2386Kb free=3414Kb
 bounds [0x000001f42e8b0000, 0x000001f42eb20000, 0x000001f42ee50000]
 total_blobs=6614 nmethods=5765 adapters=761
 compilation: enabled
              stopped_count=0, restarted_count=0
 full_count=0

Compilation events (20 events):
Event: 6.650 Thread 0x000001f43a415c60 6535       3       org.gradle.api.internal.collections.AbstractIterationOrderRetainingElementSource$Element::getValues (16 bytes)
Event: 6.650 Thread 0x000001f43a415c60 nmethod 6535 0x000001f427e7af90 code [0x000001f427e7b140, 0x000001f427e7b2c8]
Event: 6.650 Thread 0x000001f43a415c60 6536       1       org.gradle.api.internal.collections.AbstractIterationOrderRetainingElementSource$ValuePointer::getElement (5 bytes)
Event: 6.651 Thread 0x000001f43a415c60 nmethod 6536 0x000001f42f1a4610 code [0x000001f42f1a47a0, 0x000001f42f1a4878]
Event: 6.651 Thread 0x000001f43a415c60 6537       1       org.gradle.api.internal.collections.AbstractIterationOrderRetainingElementSource$ValuePointer::getIndex (5 bytes)
Event: 6.651 Thread 0x000001f43a415c60 nmethod 6537 0x000001f42f1a4910 code [0x000001f42f1a4aa0, 0x000001f42f1a4b78]
Event: 6.651 Thread 0x000001f43a415c60 6538       1       it.unimi.dsi.fastutil.ints.IntCollections$EmptyCollection::contains (2 bytes)
Event: 6.651 Thread 0x000001f43a415c60 nmethod 6538 0x000001f42f1a4c10 code [0x000001f42f1a4da0, 0x000001f42f1a4e78]
Event: 6.656 Thread 0x000001f43a415c60 6539       3       org.codehaus.groovy.runtime.metaclass.MetaMethodIndex::copyNonPrivateMethods (24 bytes)
Event: 6.657 Thread 0x000001f43a415c60 nmethod 6539 0x000001f427e7b390 code [0x000001f427e7b540, 0x000001f427e7b768]
Event: 6.657 Thread 0x000001f43a415c60 6540   !   3       sun.reflect.misc.ReflectUtil::isPackageAccessible (12 bytes)
Event: 6.657 Thread 0x000001f43a415c60 nmethod 6540 0x000001f427e7b890 code [0x000001f427e7bb80, 0x000001f427e7cb18]
Event: 6.659 Thread 0x000001f43a415c60 6541       1       com.google.common.collect.MapMakerInternalMap$StrongKeyWeakValueEntry::access$400 (5 bytes)
Event: 6.659 Thread 0x000001f43a415c60 nmethod 6541 0x000001f42f1a4f10 code [0x000001f42f1a50a0, 0x000001f42f1a5158]
Event: 6.659 Thread 0x000001f43a415c60 6542       1       com.google.common.collect.MapMakerInternalMap$StrongKeyWeakValueSegment::access$500 (5 bytes)
Event: 6.659 Thread 0x000001f43a415c60 nmethod 6542 0x000001f42f1a5210 code [0x000001f42f1a53a0, 0x000001f42f1a5458]
Event: 6.667 Thread 0x000001f43a415c60 6543       3       java.lang.invoke.InvokerBytecodeGenerator::classData (170 bytes)
Event: 6.667 Thread 0x000001f43a415c60 nmethod 6543 0x000001f427e7d190 code [0x000001f427e7d420, 0x000001f427e7e168]
Event: 6.667 Thread 0x000001f43a415c60 6544       3       java.lang.invoke.LambdaFormEditor::oldSpeciesData (8 bytes)
Event: 6.668 Thread 0x000001f43a415c60 nmethod 6544 0x000001f427e7e490 code [0x000001f427e7e660, 0x000001f427e7ea78]

GC Heap History (12 events):
Event: 0.377 GC heap before
{Heap before GC invocations=0 (full 0):
 garbage-first heap   total 262144K, used 22528K [0x00000000e0000000, 0x0000000100000000)
  region size 1024K, 23 young (23552K), 0 survivors (0K)
 Metaspace       used 1055K, committed 1216K, reserved 393216K
  class space    used 73K, committed 128K, reserved 327680K
}
Event: 0.380 GC heap after
{Heap after GC invocations=1 (full 0):
 garbage-first heap   total 262144K, used 2261K [0x00000000e0000000, 0x0000000100000000)
  region size 1024K, 3 young (3072K), 3 survivors (3072K)
 Metaspace       used 1055K, committed 1216K, reserved 393216K
  class space    used 73K, committed 128K, reserved 327680K
}
Event: 0.771 GC heap before
{Heap before GC invocations=1 (full 0):
 garbage-first heap   total 262144K, used 41173K [0x00000000e0000000, 0x0000000100000000)
  region size 1024K, 39 young (39936K), 3 survivors (3072K)
 Metaspace       used 4381K, committed 4544K, reserved 393216K
  class space    used 547K, committed 640K, reserved 327680K
}
Event: 0.774 GC heap after
{Heap after GC invocations=2 (full 0):
 garbage-first heap   total 262144K, used 11305K [0x00000000e0000000, 0x0000000100000000)
  region size 1024K, 5 young (5120K), 5 survivors (5120K)
 Metaspace       used 4381K, committed 4544K, reserved 393216K
  class space    used 547K, committed 640K, reserved 327680K
}
Event: 1.110 GC heap before
{Heap before GC invocations=2 (full 0):
 garbage-first heap   total 262144K, used 60457K [0x00000000e0000000, 0x0000000100000000)
  region size 1024K, 51 young (52224K), 5 survivors (5120K)
 Metaspace       used 4886K, committed 5056K, reserved 393216K
  class space    used 627K, committed 704K, reserved 327680K
}
Event: 1.114 GC heap after
{Heap after GC invocations=3 (full 0):
 garbage-first heap   total 262144K, used 16870K [0x00000000e0000000, 0x0000000100000000)
  region size 1024K, 5 young (5120K), 5 survivors (5120K)
 Metaspace       used 4886K, committed 5056K, reserved 393216K
  class space    used 627K, committed 704K, reserved 327680K
}
Event: 2.876 GC heap before
{Heap before GC invocations=3 (full 0):
 garbage-first heap   total 262144K, used 125414K [0x00000000e0000000, 0x0000000100000000)
  region size 1024K, 112 young (114688K), 5 survivors (5120K)
 Metaspace       used 21158K, committed 21504K, reserved 393216K
  class space    used 3093K, committed 3264K, reserved 327680K
}
Event: 2.882 GC heap after
{Heap after GC invocations=4 (full 0):
 garbage-first heap   total 262144K, used 23921K [0x00000000e0000000, 0x0000000100000000)
  region size 1024K, 12 young (12288K), 12 survivors (12288K)
 Metaspace       used 21158K, committed 21504K, reserved 393216K
  class space    used 3093K, committed 3264K, reserved 327680K
}
Event: 4.344 GC heap before
{Heap before GC invocations=5 (full 0):
 garbage-first heap   total 262144K, used 146801K [0x00000000e0000000, 0x0000000100000000)
  region size 1024K, 129 young (132096K), 12 survivors (12288K)
 Metaspace       used 35670K, committed 36096K, reserved 393216K
  class space    used 4959K, committed 5184K, reserved 327680K
}
Event: 4.354 GC heap after
{Heap after GC invocations=6 (full 0):
 garbage-first heap   total 262144K, used 33158K [0x00000000e0000000, 0x0000000100000000)
  region size 1024K, 17 young (17408K), 17 survivors (17408K)
 Metaspace       used 35670K, committed 36096K, reserved 393216K
  class space    used 4959K, committed 5184K, reserved 327680K
}
Event: 5.777 GC heap before
{Heap before GC invocations=7 (full 0):
 garbage-first heap   total 262144K, used 174470K [0x00000000e0000000, 0x0000000100000000)
  region size 1024K, 153 young (156672K), 17 survivors (17408K)
 Metaspace       used 45601K, committed 46208K, reserved 393216K
  class space    used 6366K, committed 6656K, reserved 327680K
}
Event: 5.788 GC heap after
{Heap after GC invocations=8 (full 0):
 garbage-first heap   total 262144K, used 42261K [0x00000000e0000000, 0x0000000100000000)
  region size 1024K, 18 young (18432K), 18 survivors (18432K)
 Metaspace       used 45601K, committed 46208K, reserved 393216K
  class space    used 6366K, committed 6656K, reserved 327680K
}

Dll operation events (15 events):
Event: 0.014 Loaded shared library C:\Program Files\Microsoft\jdk-17.0.20.8-hotspot\bin\java.dll
Event: 0.030 Loaded shared library C:\Program Files\Microsoft\jdk-17.0.20.8-hotspot\bin\jsvml.dll
Event: 0.070 Loaded shared library C:\Program Files\Microsoft\jdk-17.0.20.8-hotspot\bin\zip.dll
Event: 0.074 Loaded shared library C:\Program Files\Microsoft\jdk-17.0.20.8-hotspot\bin\instrument.dll
Event: 0.081 Loaded shared library C:\Program Files\Microsoft\jdk-17.0.20.8-hotspot\bin\net.dll
Event: 0.084 Loaded shared library C:\Program Files\Microsoft\jdk-17.0.20.8-hotspot\bin\nio.dll
Event: 0.086 Loaded shared library C:\Program Files\Microsoft\jdk-17.0.20.8-hotspot\bin\zip.dll
Event: 0.339 Loaded shared library C:\Program Files\Microsoft\jdk-17.0.20.8-hotspot\bin\jimage.dll
Event: 0.437 Loaded shared library C:\Program Files\Microsoft\jdk-17.0.20.8-hotspot\bin\verify.dll
Event: 0.500 Loaded shared library C:\Users\lougn\.gradle\native\1def1411415f61bf3af743bc5b6707747c0891f09f0c88961ee8f79bc544acac\windows-amd64\native-platform.dll
Event: 0.513 Loaded shared library C:\Users\lougn\.gradle\native\0.2.7\x86_64-windows-gnu\gradle-fileevents.dll
Event: 1.210 Loaded shared library C:\Program Files\Microsoft\jdk-17.0.20.8-hotspot\bin\management.dll
Event: 1.216 Loaded shared library C:\Program Files\Microsoft\jdk-17.0.20.8-hotspot\bin\management_ext.dll
Event: 1.514 Loaded shared library C:\Program Files\Microsoft\jdk-17.0.20.8-hotspot\bin\extnet.dll
Event: 1.718 Loaded shared library C:\Program Files\Microsoft\jdk-17.0.20.8-hotspot\bin\sunmscapi.dll

Deoptimization events (20 events):
Event: 6.469 Thread 0x000001f455a9add0 DEOPT PACKING pc=0x000001f42f0f65b0 sp=0x000000549a2f4b90
Event: 6.469 Thread 0x000001f455a9add0 DEOPT UNPACKING pc=0x000001f42e90a1a3 sp=0x000000549a2f4a78 mode 2
Event: 6.469 Thread 0x000001f455a9add0 Uncommon trap: trap_request=0xffffffc6 fr.pc=0x000001f42f0f65b0 relative=0x00000000000007b0
Event: 6.469 Thread 0x000001f455a9add0 Uncommon trap: reason=bimorphic_or_optimized_type_check action=maybe_recompile pc=0x000001f42f0f65b0 method=java.util.regex.Pattern$Start.match(Ljava/util/regex/Matcher;ILjava/lang/CharSequence;)Z @ 44 c2
Event: 6.469 Thread 0x000001f455a9add0 DEOPT PACKING pc=0x000001f42f0f65b0 sp=0x000000549a2f4b90
Event: 6.469 Thread 0x000001f455a9add0 DEOPT UNPACKING pc=0x000001f42e90a1a3 sp=0x000000549a2f4a78 mode 2
Event: 6.469 Thread 0x000001f455a9add0 Uncommon trap: trap_request=0xffffffc6 fr.pc=0x000001f42f0f65b0 relative=0x00000000000007b0
Event: 6.469 Thread 0x000001f455a9add0 Uncommon trap: reason=bimorphic_or_optimized_type_check action=maybe_recompile pc=0x000001f42f0f65b0 method=java.util.regex.Pattern$Start.match(Ljava/util/regex/Matcher;ILjava/lang/CharSequence;)Z @ 44 c2
Event: 6.469 Thread 0x000001f455a9add0 DEOPT PACKING pc=0x000001f42f0f65b0 sp=0x000000549a2f4b90
Event: 6.469 Thread 0x000001f455a9add0 DEOPT UNPACKING pc=0x000001f42e90a1a3 sp=0x000000549a2f4a78 mode 2
Event: 6.469 Thread 0x000001f455a9add0 Uncommon trap: trap_request=0xffffffc6 fr.pc=0x000001f42f0f3f4c relative=0x000000000000074c
Event: 6.469 Thread 0x000001f455a9add0 Uncommon trap: reason=bimorphic_or_optimized_type_check action=maybe_recompile pc=0x000001f42f0f3f4c method=java.util.regex.Pattern$Start.match(Ljava/util/regex/Matcher;ILjava/lang/CharSequence;)Z @ 44 c2
Event: 6.469 Thread 0x000001f455a9add0 DEOPT PACKING pc=0x000001f42f0f3f4c sp=0x000000549a2f4b10
Event: 6.469 Thread 0x000001f455a9add0 DEOPT UNPACKING pc=0x000001f42e90a1a3 sp=0x000000549a2f4a70 mode 2
Event: 6.469 Thread 0x000001f455a9add0 Uncommon trap: trap_request=0xffffffc6 fr.pc=0x000001f42f0f4f94 relative=0x00000000000005b4
Event: 6.469 Thread 0x000001f455a9add0 Uncommon trap: reason=bimorphic_or_optimized_type_check action=maybe_recompile pc=0x000001f42f0f4f94 method=java.util.regex.Pattern$Start.match(Ljava/util/regex/Matcher;ILjava/lang/CharSequence;)Z @ 44 c2
Event: 6.469 Thread 0x000001f455a9add0 DEOPT PACKING pc=0x000001f42f0f4f94 sp=0x000000549a2f4a90
Event: 6.469 Thread 0x000001f455a9add0 DEOPT UNPACKING pc=0x000001f42e90a1a3 sp=0x000000549a2f4a70 mode 2
Event: 6.516 Thread 0x000001f455a9add0 DEOPT PACKING pc=0x000001f4276d50de sp=0x000000549a2f7d30
Event: 6.516 Thread 0x000001f455a9add0 DEOPT UNPACKING pc=0x000001f42e90ace3 sp=0x000000549a2f71f8 mode 0

Classes loaded (20 events):
Event: 6.435 Loading class com/sun/org/apache/xerces/internal/utils/XMLSecurityPropertyManager$State
Event: 6.435 Loading class com/sun/org/apache/xerces/internal/utils/XMLSecurityPropertyManager$State done
Event: 6.435 Loading class com/sun/org/apache/xerces/internal/utils/XMLSecurityPropertyManager$Property
Event: 6.435 Loading class com/sun/org/apache/xerces/internal/utils/XMLSecurityPropertyManager$Property done
Event: 6.436 Loading class javax/xml/parsers/DocumentBuilderFactory
Event: 6.436 Loading class javax/xml/parsers/DocumentBuilderFactory done
Event: 6.436 Loading class javax/xml/parsers/FactoryFinder
Event: 6.437 Loading class javax/xml/parsers/FactoryFinder done
Event: 6.437 Loading class javax/xml/parsers/FactoryFinder$1
Event: 6.437 Loading class javax/xml/parsers/FactoryFinder$1 done
Event: 6.438 Loading class com/sun/org/apache/xerces/internal/jaxp/DocumentBuilderFactoryImpl
Event: 6.439 Loading class com/sun/org/apache/xerces/internal/jaxp/DocumentBuilderFactoryImpl done
Event: 6.454 Loading class java/util/ArrayList$SubList$1
Event: 6.454 Loading class java/util/ArrayList$SubList$1 done
Event: 6.467 Loading class java/util/regex/Pattern$SliceI
Event: 6.467 Loading class java/util/regex/Pattern$SliceI done
Event: 6.631 Loading class java/lang/Character$UnicodeBlock
Event: 6.632 Loading class java/lang/Character$Subset
Event: 6.632 Loading class java/lang/Character$Subset done
Event: 6.632 Loading class java/lang/Character$UnicodeBlock done

Classes unloaded (0 events):
No events

Classes redefined (0 events):
No events

Internal exceptions (20 events):
Event: 6.528 Thread 0x000001f455a9add0 Exception <a 'java/lang/ClassNotFoundException'{0x00000000ec5a1ba0}: org/gradle/testing/base/plugins/TestSuiteBasePluginBeanInfo> (0x00000000ec5a1ba0) 
thrown [s\src\hotspot\share\classfile\systemDictionary.cpp, line 257]
Event: 6.528 Thread 0x000001f455a9add0 Exception <a 'java/lang/ClassNotFoundException'{0x00000000ec5b56b8}: org/gradle/testing/base/plugins/TestSuiteBasePluginCustomizer> (0x00000000ec5b56b8) 
thrown [s\src\hotspot\share\classfile\systemDictionary.cpp, line 257]
Event: 6.528 Thread 0x000001f455a9add0 Exception <a 'java/lang/ClassNotFoundException'{0x00000000ec5ca7e8}: org/gradle/testing/base/plugins/TestSuiteBasePlugin_DecoratedCustomizer> (0x00000000ec5ca7e8) 
thrown [s\src\hotspot\share\classfile\systemDictionary.cpp, line 257]
Event: 6.532 Thread 0x000001f455a9add0 Exception <a 'java/lang/ClassNotFoundException'{0x00000000ec433ef0}: org/gradle/api/plugins/JvmTestSuitePlugin_DecoratedBeanInfo> (0x00000000ec433ef0) 
thrown [s\src\hotspot\share\classfile\systemDictionary.cpp, line 257]
Event: 6.533 Thread 0x000001f455a9add0 Exception <a 'java/lang/ClassNotFoundException'{0x00000000ec446010}: org/gradle/api/plugins/JvmTestSuitePluginBeanInfo> (0x00000000ec446010) 
thrown [s\src\hotspot\share\classfile\systemDictionary.cpp, line 257]
Event: 6.533 Thread 0x000001f455a9add0 Exception <a 'java/lang/ClassNotFoundException'{0x00000000ec458128}: org/gradle/api/plugins/JvmTestSuitePluginCustomizer> (0x00000000ec458128) 
thrown [s\src\hotspot\share\classfile\systemDictionary.cpp, line 257]
Event: 6.533 Thread 0x000001f455a9add0 Exception <a 'java/lang/ClassNotFoundException'{0x00000000ec46ca90}: org/gradle/api/plugins/JvmTestSuitePlugin_DecoratedCustomizer> (0x00000000ec46ca90) 
thrown [s\src\hotspot\share\classfile\systemDictionary.cpp, line 257]
Event: 6.634 Thread 0x000001f455a9add0 Exception <a 'java/lang/NoSuchMethodError'{0x00000000eba89830}: 'int java.lang.invoke.DirectMethodHandle$Holder.invokeStatic(java.lang.Object, java.lang.Object, int)'> (0x00000000eba89830) 
thrown [s\src\hotspot\share\interpreter\linkResolver.cpp, line 759]
Event: 6.646 Thread 0x000001f455a9add0 Exception <a 'java/lang/ClassNotFoundException'{0x00000000eb983510}: org/gradle/api/plugins/JavaPlugin_DecoratedBeanInfo> (0x00000000eb983510) 
thrown [s\src\hotspot\share\classfile\systemDictionary.cpp, line 257]
Event: 6.646 Thread 0x000001f455a9add0 Exception <a 'java/lang/ClassNotFoundException'{0x00000000eb994090}: org/gradle/api/plugins/JavaPluginBeanInfo> (0x00000000eb994090) 
thrown [s\src\hotspot\share\classfile\systemDictionary.cpp, line 257]
Event: 6.647 Thread 0x000001f455a9add0 Exception <a 'java/lang/ClassNotFoundException'{0x00000000eb9a46b8}: org/gradle/api/plugins/JavaPluginCustomizer> (0x00000000eb9a46b8) 
thrown [s\src\hotspot\share\classfile\systemDictionary.cpp, line 257]
Event: 6.647 Thread 0x000001f455a9add0 Exception <a 'java/lang/ClassNotFoundException'{0x00000000eb9b74d8}: org/gradle/api/plugins/JavaPlugin_DecoratedCustomizer> (0x00000000eb9b74d8) 
thrown [s\src\hotspot\share\classfile\systemDictionary.cpp, line 257]
Event: 6.653 Thread 0x000001f455a9add0 Exception <a 'java/lang/ClassNotFoundException'{0x00000000eb852658}: org/gradle/kotlin/dsl/provider/plugins/KotlinScriptRootPlugin_DecoratedBeanInfo> (0x00000000eb852658) 
thrown [s\src\hotspot\share\classfile\systemDictionary.cpp, line 257]
Event: 6.653 Thread 0x000001f455a9add0 Exception <a 'java/lang/ClassNotFoundException'{0x00000000eb865128}: org/gradle/kotlin/dsl/provider/plugins/KotlinScriptRootPluginBeanInfo> (0x00000000eb865128) 
thrown [s\src\hotspot\share\classfile\systemDictionary.cpp, line 257]
Event: 6.653 Thread 0x000001f455a9add0 Exception <a 'java/lang/ClassNotFoundException'{0x00000000eb877e30}: org/gradle/kotlin/dsl/provider/plugins/KotlinScriptRootPluginCustomizer> (0x00000000eb877e30) 
thrown [s\src\hotspot\share\classfile\systemDictionary.cpp, line 257]
Event: 6.654 Thread 0x000001f455a9add0 Exception <a 'java/lang/ClassNotFoundException'{0x00000000eb88d7c0}: org/gradle/kotlin/dsl/provider/plugins/KotlinScriptRootPlugin_DecoratedCustomizer> (0x00000000eb88d7c0) 
thrown [s\src\hotspot\share\classfile\systemDictionary.cpp, line 257]
Event: 6.657 Thread 0x000001f455a9add0 Exception <a 'java/lang/ClassNotFoundException'{0x00000000eb8daca8}: org/gradle/kotlin/dsl/provider/plugins/KotlinScriptBasePlugin_DecoratedBeanInfo> (0x00000000eb8daca8) 
thrown [s\src\hotspot\share\classfile\systemDictionary.cpp, line 257]
Event: 6.657 Thread 0x000001f455a9add0 Exception <a 'java/lang/ClassNotFoundException'{0x00000000eb8ebf90}: org/gradle/kotlin/dsl/provider/plugins/KotlinScriptBasePluginBeanInfo> (0x00000000eb8ebf90) 
thrown [s\src\hotspot\share\classfile\systemDictionary.cpp, line 257]
Event: 6.658 Thread 0x000001f455a9add0 Exception <a 'java/lang/ClassNotFoundException'{0x00000000eb8fd4b0}: org/gradle/kotlin/dsl/provider/plugins/KotlinScriptBasePluginCustomizer> (0x00000000eb8fd4b0) 
thrown [s\src\hotspot\share\classfile\systemDictionary.cpp, line 257]
Event: 6.658 Thread 0x000001f455a9add0 Exception <a 'java/lang/ClassNotFoundException'{0x00000000eb711648}: org/gradle/kotlin/dsl/provider/plugins/KotlinScriptBasePlugin_DecoratedCustomizer> (0x00000000eb711648) 
thrown [s\src\hotspot\share\classfile\systemDictionary.cpp, line 257]

VM Operations (20 events):
Event: 5.166 Executing VM operation: ICBufferFull
Event: 5.166 Executing VM operation: ICBufferFull done
Event: 5.284 Executing VM operation: ICBufferFull
Event: 5.284 Executing VM operation: ICBufferFull done
Event: 5.610 Executing VM operation: ICBufferFull
Event: 5.610 Executing VM operation: ICBufferFull done
Event: 5.688 Executing VM operation: HandshakeAllThreads
Event: 5.688 Executing VM operation: HandshakeAllThreads done
Event: 5.775 Executing VM operation: HandshakeAllThreads
Event: 5.775 Executing VM operation: HandshakeAllThreads done
Event: 5.777 Executing VM operation: G1CollectForAllocation
Event: 5.788 Executing VM operation: G1CollectForAllocation done
Event: 5.869 Executing VM operation: HandshakeAllThreads
Event: 5.869 Executing VM operation: HandshakeAllThreads done
Event: 6.039 Executing VM operation: HandshakeAllThreads
Event: 6.040 Executing VM operation: HandshakeAllThreads done
Event: 6.195 Executing VM operation: ICBufferFull
Event: 6.196 Executing VM operation: ICBufferFull done
Event: 6.583 Executing VM operation: ICBufferFull
Event: 6.583 Executing VM operation: ICBufferFull done

Memory protections (0 events):
No events

Nmethod flushes (20 events):
Event: 4.849 Thread 0x000001f43a416570 flushing  nmethod 0x000001f427a70590
Event: 4.850 Thread 0x000001f43a416570 flushing  nmethod 0x000001f427a76b10
Event: 4.850 Thread 0x000001f43a416570 flushing  nmethod 0x000001f427a7ba10
Event: 4.850 Thread 0x000001f43a416570 flushing  nmethod 0x000001f427a8a610
Event: 4.850 Thread 0x000001f43a416570 flushing  nmethod 0x000001f427a8b190
Event: 4.850 Thread 0x000001f43a416570 flushing  nmethod 0x000001f427a8b990
Event: 4.850 Thread 0x000001f43a416570 flushing  nmethod 0x000001f427a8c790
Event: 4.850 Thread 0x000001f43a416570 flushing  nmethod 0x000001f427a8d910
Event: 4.850 Thread 0x000001f43a416570 flushing  nmethod 0x000001f427a9de10
Event: 4.850 Thread 0x000001f43a416570 flushing  nmethod 0x000001f427a9ee90
Event: 4.850 Thread 0x000001f43a416570 flushing  nmethod 0x000001f427ab4f10
Event: 4.850 Thread 0x000001f43a416570 flushing  nmethod 0x000001f427ad9390
Event: 4.850 Thread 0x000001f43a416570 flushing  nmethod 0x000001f427aed910
Event: 4.850 Thread 0x000001f43a416570 flushing  nmethod 0x000001f427b61210
Event: 4.850 Thread 0x000001f43a416570 flushing  nmethod 0x000001f427b61990
Event: 4.850 Thread 0x000001f43a416570 flushing  nmethod 0x000001f427b64090
Event: 4.850 Thread 0x000001f43a416570 flushing  nmethod 0x000001f427b75810
Event: 4.850 Thread 0x000001f43a416570 flushing  nmethod 0x000001f427b89310
Event: 4.851 Thread 0x000001f43a416570 flushing  nmethod 0x000001f427bd4910
Event: 4.851 Thread 0x000001f43a416570 flushing  nmethod 0x000001f427be8d10

Events (20 events):
Event: 5.178 Thread 0x000001f455a9add0 Thread added: 0x000001f459c50fd0
Event: 5.179 Thread 0x000001f455a9add0 Thread added: 0x000001f4566e8d80
Event: 5.245 Thread 0x000001f455a9add0 Thread added: 0x000001f4566e9290
Event: 5.246 Thread 0x000001f455a9add0 Thread added: 0x000001f4566ea6d0
Event: 5.246 Thread 0x000001f455a9add0 Thread added: 0x000001f4566e97a0
Event: 5.246 Thread 0x000001f455a9add0 Thread added: 0x000001f4566eb0f0
Event: 5.246 Thread 0x000001f455a9add0 Thread added: 0x000001f4566e9cb0
Event: 5.247 Thread 0x000001f455a9add0 Thread added: 0x000001f4566e8870
Event: 5.247 Thread 0x000001f455a9add0 Thread added: 0x000001f4566eabe0
Event: 5.346 Thread 0x000001f455a9add0 Thread added: 0x000001f4566eb600
Event: 5.346 Thread 0x000001f455a9add0 Thread added: 0x000001f4566e7e50
Event: 5.346 Thread 0x000001f455a9add0 Thread added: 0x000001f4566eca40
Event: 5.347 Thread 0x000001f455a9add0 Thread added: 0x000001f4566ed460
Event: 5.347 Thread 0x000001f455a9add0 Thread added: 0x000001f4566ebb10
Event: 5.347 Thread 0x000001f455a9add0 Thread added: 0x000001f4566ec530
Event: 5.348 Thread 0x000001f455a9add0 Thread added: 0x000001f4566ecf50
Event: 5.838 Thread 0x000001f455dc2190 Thread exited: 0x000001f455dc2190
Event: 5.838 Thread 0x000001f43a5bba00 Thread exited: 0x000001f43a5bba00
Event: 5.899 Thread 0x000001f43a415c60 Thread added: 0x000001f454f555d0
Event: 6.481 Thread 0x000001f455a9add0 Thread added: 0x000001f4566ea1c0


Dynamic libraries:
0x00007ff6c0dc0000 - 0x00007ff6c0dce000 	C:\Program Files\Microsoft\jdk-17.0.20.8-hotspot\bin\java.exe
0x00007ffc53880000 - 0x00007ffc53ae7000 	C:\WINDOWS\SYSTEM32\ntdll.dll
0x00007ffc52460000 - 0x00007ffc5252b000 	C:\WINDOWS\System32\KERNEL32.DLL
0x00007ffc50c00000 - 0x00007ffc51002000 	C:\WINDOWS\System32\KERNELBASE.dll
0x00007ffc51010000 - 0x00007ffc5115c000 	C:\WINDOWS\System32\ucrtbase.dll
0x00007ffc36070000 - 0x00007ffc36088000 	C:\Program Files\Microsoft\jdk-17.0.20.8-hotspot\bin\jli.dll
0x00007ffc36050000 - 0x00007ffc3606e000 	C:\Program Files\Microsoft\jdk-17.0.20.8-hotspot\bin\VCRUNTIME140.dll
0x00007ffc515e0000 - 0x00007ffc517af000 	C:\WINDOWS\System32\USER32.dll
0x00007ffc50bd0000 - 0x00007ffc50bf7000 	C:\WINDOWS\System32\win32u.dll
0x00007ffc4fe20000 - 0x00007ffc500b0000 	C:\WINDOWS\WinSxS\amd64_microsoft.windows.common-controls_6595b64144ccf1df_6.0.26100.9278_none_3e0d1ba8e3303201\COMCTL32.dll
0x00007ffc53570000 - 0x00007ffc5359b000 	C:\WINDOWS\System32\GDI32.dll
0x00007ffc52af0000 - 0x00007ffc52b99000 	C:\WINDOWS\System32\msvcrt.dll
0x00007ffc51220000 - 0x00007ffc51349000 	C:\WINDOWS\System32\gdi32full.dll
0x00007ffc51170000 - 0x00007ffc51213000 	C:\WINDOWS\System32\msvcp_win.dll
0x00007ffc52540000 - 0x00007ffc52571000 	C:\WINDOWS\System32\IMM32.DLL
0x00007ffc3a470000 - 0x00007ffc3a47c000 	C:\Program Files\Microsoft\jdk-17.0.20.8-hotspot\bin\vcruntime140_1.dll
0x00007ffc35fc0000 - 0x00007ffc36049000 	C:\Program Files\Microsoft\jdk-17.0.20.8-hotspot\bin\msvcp140.dll
0x00007ffba3630000 - 0x00007ffba42ab000 	C:\Program Files\Microsoft\jdk-17.0.20.8-hotspot\bin\server\jvm.dll
0x00007ffc517c0000 - 0x00007ffc5187c000 	C:\WINDOWS\System32\ADVAPI32.dll
0x00007ffc51c00000 - 0x00007ffc51ca9000 	C:\WINDOWS\System32\sechost.dll
0x00007ffc52ef0000 - 0x00007ffc53008000 	C:\WINDOWS\System32\RPCRT4.dll
0x00007ffc53110000 - 0x00007ffc53190000 	C:\WINDOWS\System32\WS2_32.dll
0x00007ffc508b0000 - 0x00007ffc5090e000 	C:\WINDOWS\SYSTEM32\POWRPROF.dll
0x00007ffc44fd0000 - 0x00007ffc45006000 	C:\WINDOWS\SYSTEM32\WINMM.dll
0x00007ffc4f120000 - 0x00007ffc4f12b000 	C:\WINDOWS\SYSTEM32\VERSION.dll
0x00007ffc50890000 - 0x00007ffc508a5000 	C:\WINDOWS\SYSTEM32\UMPDC.dll
0x00007ffc4f1c0000 - 0x00007ffc4f1db000 	C:\WINDOWS\SYSTEM32\kernel.appcore.dll
0x00007ffc3a220000 - 0x00007ffc3a22a000 	C:\Program Files\Microsoft\jdk-17.0.20.8-hotspot\bin\jimage.dll
0x00007ffc501d0000 - 0x00007ffc5041c000 	C:\WINDOWS\SYSTEM32\DBGHELP.DLL
0x00007ffc531c0000 - 0x00007ffc53545000 	C:\WINDOWS\System32\combase.dll
0x00007ffc52580000 - 0x00007ffc52659000 	C:\WINDOWS\System32\OLEAUT32.dll
0x00007ffc500c0000 - 0x00007ffc500fb000 	C:\WINDOWS\SYSTEM32\dbgcore.DLL
0x00007ffc50a50000 - 0x00007ffc50afc000 	C:\WINDOWS\System32\bcryptPrimitives.dll
0x00007ffc39720000 - 0x00007ffc3972f000 	C:\Program Files\Microsoft\jdk-17.0.20.8-hotspot\bin\instrument.dll
0x00007ffc35f90000 - 0x00007ffc35fb6000 	C:\Program Files\Microsoft\jdk-17.0.20.8-hotspot\bin\java.dll
0x00007ffbf3b70000 - 0x00007ffbf3c46000 	C:\Program Files\Microsoft\jdk-17.0.20.8-hotspot\bin\jsvml.dll
0x00007ffc51cb0000 - 0x00007ffc52448000 	C:\WINDOWS\System32\SHELL32.dll
0x00007ffc4d470000 - 0x00007ffc4dd1e000 	C:\WINDOWS\SYSTEM32\windows.storage.dll
0x00007ffc53010000 - 0x00007ffc5310b000 	C:\WINDOWS\System32\SHCORE.dll
0x00007ffc51570000 - 0x00007ffc515d6000 	C:\WINDOWS\System32\shlwapi.dll
0x00007ffc50970000 - 0x00007ffc50999000 	C:\WINDOWS\SYSTEM32\profapi.dll
0x00007ffc2c6f0000 - 0x00007ffc2c708000 	C:\Program Files\Microsoft\jdk-17.0.20.8-hotspot\bin\zip.dll
0x00007ffc2ab40000 - 0x00007ffc2ab5b000 	C:\Program Files\Microsoft\jdk-17.0.20.8-hotspot\bin\net.dll
0x00007ffc44450000 - 0x00007ffc4457a000 	C:\WINDOWS\SYSTEM32\WINHTTP.dll
0x00007ffc4eb90000 - 0x00007ffc4ebfc000 	C:\WINDOWS\system32\mswsock.dll
0x00007ffc2a700000 - 0x00007ffc2a716000 	C:\Program Files\Microsoft\jdk-17.0.20.8-hotspot\bin\nio.dll
0x00007ffc36330000 - 0x00007ffc36340000 	C:\Program Files\Microsoft\jdk-17.0.20.8-hotspot\bin\verify.dll
0x00007ffc36090000 - 0x00007ffc360b7000 	C:\Users\lougn\.gradle\native\1def1411415f61bf3af743bc5b6707747c0891f09f0c88961ee8f79bc544acac\windows-amd64\native-platform.dll
0x00007ffbf3af0000 - 0x00007ffbf3b68000 	C:\Users\lougn\.gradle\native\0.2.7\x86_64-windows-gnu\gradle-fileevents.dll
0x00007ffc35f80000 - 0x00007ffc35f8a000 	C:\Program Files\Microsoft\jdk-17.0.20.8-hotspot\bin\management.dll
0x00007ffc35e80000 - 0x00007ffc35e8c000 	C:\Program Files\Microsoft\jdk-17.0.20.8-hotspot\bin\management_ext.dll
0x00007ffc52530000 - 0x00007ffc52538000 	C:\WINDOWS\System32\PSAPI.DLL
0x00007ffc4e0e0000 - 0x00007ffc4e113000 	C:\WINDOWS\SYSTEM32\IPHLPAPI.DLL
0x00007ffc52450000 - 0x00007ffc5245a000 	C:\WINDOWS\System32\NSI.dll
0x00007ffc445b0000 - 0x00007ffc445cd000 	C:\WINDOWS\SYSTEM32\dhcpcsvc6.DLL
0x00007ffc44580000 - 0x00007ffc445a5000 	C:\WINDOWS\SYSTEM32\dhcpcsvc.DLL
0x00007ffc4e180000 - 0x00007ffc4e2d8000 	C:\WINDOWS\SYSTEM32\DNSAPI.dll
0x00007ffc4e990000 - 0x00007ffc4e99d000 	C:\WINDOWS\SYSTEM32\DSPARSE.dll
0x00007ffc31020000 - 0x00007ffc31029000 	C:\Program Files\Microsoft\jdk-17.0.20.8-hotspot\bin\extnet.dll
0x00007ffc50550000 - 0x00007ffc5056b000 	C:\WINDOWS\SYSTEM32\CRYPTSP.dll
0x00007ffc4efd0000 - 0x00007ffc4f009000 	C:\WINDOWS\system32\rsaenh.dll
0x00007ffc4ec10000 - 0x00007ffc4ec44000 	C:\WINDOWS\SYSTEM32\USERENV.dll
0x00007ffc50940000 - 0x00007ffc5096a000 	C:\WINDOWS\SYSTEM32\bcrypt.dll
0x00007ffc4f060000 - 0x00007ffc4f06c000 	C:\WINDOWS\SYSTEM32\CRYPTBASE.dll
0x00007ffc2c6e0000 - 0x00007ffc2c6ee000 	C:\Program Files\Microsoft\jdk-17.0.20.8-hotspot\bin\sunmscapi.dll
0x00007ffc513e0000 - 0x00007ffc5155e000 	C:\WINDOWS\System32\CRYPT32.dll
0x00007ffc4f1e0000 - 0x00007ffc4f210000 	C:\WINDOWS\SYSTEM32\ncrypt.dll
0x00007ffc4f010000 - 0x00007ffc4f04f000 	C:\WINDOWS\SYSTEM32\NTASN1.dll
0x00007ffc13b70000 - 0x00007ffc13b78000 	C:\WINDOWS\system32\wshunix.dll

dbghelp: loaded successfully - version: 4.0.5 - missing functions: none
symbol engine: initialized successfully - sym options: 0x614 - pdb path: .;C:\Program Files\Microsoft\jdk-17.0.20.8-hotspot\bin;C:\WINDOWS\SYSTEM32;C:\WINDOWS\WinSxS\amd64_microsoft.windows.common-controls_6595b64144ccf1df_6.0.26100.9278_none_3e0d1ba8e3303201;C:\Program Files\Microsoft\jdk-17.0.20.8-hotspot\bin\server;C:\Users\lougn\.gradle\native\1def1411415f61bf3af743bc5b6707747c0891f09f0c88961ee8f79bc544acac\windows-amd64;C:\Users\lougn\.gradle\native\0.2.7\x86_64-windows-gnu

VM Arguments:
jvm_args: --add-opens=java.base/java.lang=ALL-UNNAMED --add-opens=java.base/java.lang.invoke=ALL-UNNAMED --add-opens=java.base/java.util=ALL-UNNAMED --add-opens=java.prefs/java.util.prefs=ALL-UNNAMED --add-exports=jdk.compiler/com.sun.tools.javac.api=ALL-UNNAMED --add-exports=jdk.compiler/com.sun.tools.javac.util=ALL-UNNAMED --add-opens=java.base/java.util=ALL-UNNAMED --add-opens=java.prefs/java.util.prefs=ALL-UNNAMED --add-opens=java.base/java.nio.charset=ALL-UNNAMED --add-opens=java.base/java.net=ALL-UNNAMED --add-opens=java.base/java.util.concurrent.atomic=ALL-UNNAMED --add-opens=java.xml/javax.xml.namespace=ALL-UNNAMED -XX:MaxMetaspaceSize=384m -XX:+HeapDumpOnOutOfMemoryError -Xms256m -Xmx512m -Dfile.encoding=UTF-8 -Duser.country=US -Duser.language=en -Duser.variant -javaagent:C:\Users\lougn\.gradle\wrapper\dists\gradle-8.14-bin\38aieal9i53h9rfe7vjup95b9\gradle-8.14\lib\agents\gradle-instrumentation-agent-8.14.jar 
java_command: org.gradle.launcher.daemon.bootstrap.GradleDaemon 8.14
java_class_path (initial): C:\Users\lougn\.gradle\wrapper\dists\gradle-8.14-bin\38aieal9i53h9rfe7vjup95b9\gradle-8.14\lib\gradle-daemon-main-8.14.jar
Launcher Type: SUN_STANDARD

[Global flags]
     intx CICompilerCount                          = 4                                         {product} {ergonomic}
   size_t CompressedClassSpaceSize                 = 335544320                                 {product} {ergonomic}
     uint ConcGCThreads                            = 2                                         {product} {ergonomic}
     uint G1ConcRefinementThreads                  = 8                                         {product} {ergonomic}
   size_t G1HeapRegionSize                         = 1048576                                   {product} {ergonomic}
    uintx GCDrainStackTargetSize                   = 64                                        {product} {ergonomic}
     bool HeapDumpOnOutOfMemoryError               = true                                   {manageable} {command line}
   size_t InitialHeapSize                          = 268435456                                 {product} {command line}
   size_t MarkStackSize                            = 4194304                                   {product} {ergonomic}
   size_t MaxHeapSize                              = 536870912                                 {product} {command line}
   size_t MaxMetaspaceSize                         = 402653184                                 {product} {command line}
   size_t MaxNewSize                               = 321912832                                 {product} {ergonomic}
   size_t MinHeapDeltaBytes                        = 1048576                                   {product} {ergonomic}
   size_t MinHeapSize                              = 268435456                                 {product} {command line}
    uintx NonNMethodCodeHeapSize                   = 5839372                                {pd product} {ergonomic}
    uintx NonProfiledCodeHeapSize                  = 122909434                              {pd product} {ergonomic}
    uintx ProfiledCodeHeapSize                     = 122909434                              {pd product} {ergonomic}
    uintx ReservedCodeCacheSize                    = 251658240                              {pd product} {ergonomic}
     bool SegmentedCodeCache                       = true                                      {product} {ergonomic}
   size_t SoftMaxHeapSize                          = 536870912                              {manageable} {ergonomic}
     bool UseCompressedClassPointers               = true                           {product lp64_product} {ergonomic}
     bool UseCompressedOops                        = true                           {product lp64_product} {ergonomic}
     bool UseG1GC                                  = true                                      {product} {ergonomic}
     bool UseLargePagesIndividualAllocation        = false                                  {pd product} {ergonomic}

Logging:
Log output configuration:
 #0: stdout all=warning uptime,level,tags
 #1: stderr all=off uptime,level,tags

Environment Variables:
JAVA_HOME=C:\Program Files\Microsoft\jdk-17.0.20.8-hotspot
PATH=C:\Program Files\Microsoft\jdk-17.0.20.8-hotspot\bin;C:\Program Files\Common Files\Oracle\Java\javapath;C:\WINDOWS\system32;C:\WINDOWS;C:\WINDOWS\System32\Wbem;C:\WINDOWS\System32\WindowsPowerShell\v1.0\;C:\WINDOWS\System32\OpenSSH\;C:\Program Files\SafeNet\Authentication\SAC\x64;C:\Program Files\SafeNet\Authentication\SAC\x32;C:\Program Files (x86)\dotnet\;C:\Program Files\Git\cmd;C:\Program Files\nodejs\;C:\Program Files\Cloudflare\Cloudflare WARP\;C:\Program Files\Docker\Docker\resources\bin;C:\Program Files\GitHub CLI\;C:\Users\lougn\AppData\Local\Programs\Python\Launcher\;C:\Users\lougn\AppData\Local\Microsoft\WindowsApps;C:\Users\lougn\AppData\Local\Programs\Microsoft VS Code\bin;C:\Users\lougn\AppData\Local\Programs\Ollama;C:\Users\lougn\AppData\Roaming\npm;C:\Users\lougn\AppData\Local\Programs\Antigravity IDE\bin;C:\Users\lougn\AppData\Local\Android\Sdk\platform-tools
USERNAME=lougn
OS=Windows_NT
PROCESSOR_IDENTIFIER=Intel64 Family 6 Model 140 Stepping 1, GenuineIntel
TMP=C:\Users\lougn\AppData\Local\Temp
TEMP=C:\Users\lougn\AppData\Local\Temp



Periodic native trim disabled


---------------  S Y S T E M  ---------------

OS:
 Windows 11 , 64 bit Build 26100 (10.0.26100.9444)
OS uptime: 0 days 21:48 hours
Hyper-V role detected

CPU: total 8 (initial active 8) (4 cores per cpu, 2 threads per core) family 6 model 140 stepping 1 microcode 0xbe, cx8, cmov, fxsr, ht, mmx, 3dnowpref, sse, sse2, sse3, ssse3, sse4.1, sse4.2, popcnt, lzcnt, tsc, tscinvbit, avx, avx2, aes, erms, clmul, bmi1, bmi2, adx, avx512f, avx512dq, avx512cd, avx512bw, avx512vl, sha, fma, vzeroupper, avx512_vpopcntdq, avx512_vpclmulqdq, avx512_vaes, avx512_vnni, clflush, clflushopt, clwb, avx512_vbmi2, avx512_vbmi, hv
Processor Information for the first 8 processors :
  Max Mhz: 2419, Current Mhz: 2419, Mhz Limit: 2419

Memory: 4k page, system-wide physical 24256M (12689M free)
TotalPageFile size 25792M (AvailPageFile size 12402M)
current process WorkingSet (physical memory assigned to process): 401M, peak: 402M
current process commit charge ("private bytes"): 503M, peak: 504M

vm_info: OpenJDK 64-Bit Server VM (17.0.20+8-LTS) for windows-amd64 JRE (17.0.20+8-LTS), built on Jul 14 2026 18:14:29 by "MicrosoftCorporation" with MS VC++ 17.14 (VS2022)

END.
